step,train/node_label/f1_score,train/loss/total,train/loss/node_label,train/node_label/accuracy,epoch,lr-Adam,val/loss/node_label,val/node_label/f1_score,val/node_label/accuracy,val/loss/total,test/loss/total,test/node_label/accuracy,test/loss/node_label,test/node_label/f1_score
0,,,,,,0.001,,,,,,,,
49,,,,,,0.001,,,,,,,,
49,0.7571494579315186,1.2910057306289673,1.2910057306289673,0.8178620934486389,0,,,,,,,,,
66,,,,,0,,1.3079874515533447,0.7496020793914795,0.8121666312217712,1.3079874515533447,,,,
67,,,,,,0.001,,,,,,,,
99,,,,,,0.001,,,,,,,,
99,0.7503093481063843,1.3063960075378418,1.3063960075378418,0.8123273849487305,1,,,,,,,,,
133,,,,,1,,1.3079874515533447,0.7496011853218079,0.7787607908248901,1.3079874515533447,,,,
134,,,,,,0.001,,,,,,,,
149,,,,,,0.001,,,,,,,,
149,0.7256489992141724,1.3618817329406738,1.3618817329406738,0.6497372388839722,2,,,,,,,,,
199,,,,,,0.001,,,,,,,,
199,0.7584627866744995,1.2878628969192505,1.2878628969192505,0.1618380844593048,2,,,,,,,,,
200,,,,,2,,1.3079874515533447,0.7480056285858154,0.15623265504837036,1.3079874515533447,,,,
201,,,,,,0.001,,,,,,,,
249,,,,,,0.001,,,,,,,,
249,0.7828521728515625,1.2903492450714111,1.2903492450714111,0.14432650804519653,3,,,,,,,,,
267,,,,,3,,1.308000087738037,0.5789055228233337,0.054711878299713135,1.308000087738037,,,,
268,,,,,,0.001,,,,,,,,
299,,,,,,0.001,,,,,,,,
299,0.8330137729644775,1.3024121522903442,1.3024121522903442,0.11004913598299026,4,,,,,,,,,
334,,,,,4,,1.3151750564575195,0.4592383801937103,0.0008425887790508568,1.3151750564575195,,,,
335,,,,,,0.001,,,,,,,,
349,,,,,,0.001,,,,,,,,
349,0.4545454680919647,1.2620817422866821,1.2620817422866821,0.0,5,,,,,,,,,
399,,,,,,0.001,,,,,,,,
399,0.4545454680919647,1.3047327995300293,1.3047327995300293,0.0,5,,,,,,,,,
401,,,,,5,,1.3379944562911987,0.4545455276966095,0.0,1.3379944562911987,,,,
402,,,,,,0.001,,,,,,,,
449,,,,,,0.001,,,,,,,,
449,0.7924035787582397,1.2675691843032837,1.2675691843032837,0.09239881485700607,6,,,,,,,,,
468,,,,,6,,1.585144281387329,0.5648776292800903,0.05562996119260788,1.585144281387329,,,,
469,,,,,,0.001,,,,,,,,
499,,,,,,0.001,,,,,,,,
499,0.8076057434082031,1.2129284143447876,1.2129284143447876,0.11251969635486603,7,,,,,,,,,
535,,,,,7,,1.642482042312622,0.5565102100372314,0.04832582548260689,1.642482042312622,,,,
536,,,,,,0.001,,,,,,,,
549,,,,,,0.001,,,,,,,,
549,0.7258263230323792,1.2916842699050903,1.2916842699050903,0.08980697393417358,8,,,,,,,,,
599,,,,,,0.001,,,,,,,,
599,0.800948441028595,1.208601713180542,1.208601713180542,0.1779775470495224,8,,,,,,,,,
602,,,,,8,,1.5631983280181885,0.5962501168251038,0.12269127368927002,1.5631983280181885,,,,
603,,,,,,0.001,,,,,,,,
649,,,,,,0.001,,,,,,,,
649,0.7295224070549011,1.3208656311035156,1.3208656311035156,0.14165887236595154,9,,,,,,,,,
669,,,,,9,,1.6294087171554565,0.5611267685890198,0.055440753698349,1.6294087171554565,,,,
670,,,,,,0.001,,,,,,,,
699,,,,,,0.001,,,,,,,,
699,0.7287813425064087,1.3072293996810913,1.3072293996810913,0.1595604121685028,10,,,,,,,,,
736,,,,,10,,1.6169601678848267,0.5576168298721313,0.04352380707859993,1.6169601678848267,,,,
737,,,,,,0.001,,,,,,,,
749,,,,,,0.001,,,,,,,,
749,0.7829294204711914,1.1978108882904053,1.1978108882904053,0.10242688655853271,11,,,,,,,,,
799,,,,,,0.001,,,,,,,,
799,0.6980222463607788,1.307198405265808,1.307198405265808,0.09413570165634155,11,,,,,,,,,
803,,,,,11,,1.630372166633606,0.5492609143257141,0.041866596788167953,1.630372166633606,,,,
804,,,,,,0.001,,,,,,,,
849,,,,,,0.001,,,,,,,,
849,0.679153561592102,1.2597997188568115,1.2597997188568115,0.05643225833773613,12,,,,,,,,,
870,,,,,12,,1.5562686920166016,0.5620335340499878,0.03665401041507721,1.5562686920166016,,,,
871,,,,,,0.001,,,,,,,,
899,,,,,,0.001,,,,,,,,
899,0.704621434211731,1.2551932334899902,1.2551932334899902,0.07023923099040985,13,,,,,,,,,
937,,,,,13,,1.579755187034607,0.5736632943153381,0.07365520298480988,1.579755187034607,,,,
938,,,,,,0.001,,,,,,,,
949,,,,,,0.001,,,,,,,,
949,0.764449417591095,1.2629109621047974,1.2629109621047974,0.17812569439411163,14,,,,,,,,,
999,,,,,,0.001,,,,,,,,
999,0.7130434513092041,1.259473443031311,1.259473443031311,0.08394782990217209,14,,,,,,,,,
1004,,,,,14,,1.6570236682891846,0.5545268654823303,0.08507443219423294,1.6570236682891846,,,,
1005,,,,,,0.001,,,,,,,,
1049,,,,,,0.001,,,,,,,,
1049,0.7708498239517212,1.242552638053894,1.242552638053894,0.16589626669883728,15,,,,,,,,,
1071,,,,,15,,1.6175236701965332,0.5322125554084778,0.04433610662817955,1.6175236701965332,,,,
1072,,,,,,0.001,,,,,,,,
1099,,,,,,0.001,,,,,,,,
1099,0.7505123615264893,1.254507303237915,1.254507303237915,0.1169494241476059,16,,,,,,,,,
1138,,,,,16,,1.6481800079345703,0.5221255421638489,0.058138154447078705,1.6481800079345703,,,,
1139,,,,,,0.001,,,,,,,,
1149,,,,,,0.001,,,,,,,,
1149,0.7598409652709961,1.225832223892212,1.225832223892212,0.1487664431333542,17,,,,,,,,,
1199,,,,,,0.001,,,,,,,,
1199,0.6946203708648682,1.209688663482666,1.209688663482666,0.09063000231981277,17,,,,,,,,,
1205,,,,,17,,1.6277750730514526,0.5352327823638916,0.05976647883653641,1.6277750730514526,,,,
1206,,,,,,0.001,,,,,,,,
1249,,,,,,0.001,,,,,,,,
1249,0.6915902495384216,1.2569656372070312,1.2569656372070312,0.10065878182649612,18,,,,,,,,,
1272,,,,,18,,1.6844264268875122,0.5512452721595764,0.13955657184123993,1.6844264268875122,,,,
1273,,,,,,0.001,,,,,,,,
1299,,,,,,0.001,,,,,,,,
1299,0.7106630802154541,1.264591932296753,1.264591932296753,0.13717330992221832,19,,,,,,,,,
1339,,,,,19,,1.6278587579727173,0.535614013671875,0.06829255819320679,1.6278587579727173,,,,
1340,,,,,,0.001,,,,,,,,
1349,,,,,,0.001,,,,,,,,
1349,0.706237256526947,1.2631393671035767,1.2631393671035767,0.11692012846469879,20,,,,,,,,,
1399,,,,,,0.001,,,,,,,,
1399,0.6700320243835449,1.3084851503372192,1.3084851503372192,0.08338963240385056,20,,,,,,,,,
1406,,,,,20,,1.6198439598083496,0.5565037131309509,0.08620082587003708,1.6198439598083496,,,,
1407,,,,,,0.001,,,,,,,,
1449,,,,,,0.001,,,,,,,,
1449,0.7445226907730103,1.2813668251037598,1.2813668251037598,0.17508694529533386,21,,,,,,,,,
1473,,,,,21,,1.6227498054504395,0.5190680623054504,0.05709376931190491,1.6227498054504395,,,,
1474,,,,,,0.001,,,,,,,,
1499,,,,,,0.001,,,,,,,,
1499,0.7428804636001587,1.2275606393814087,1.2275606393814087,0.1646939516067505,22,,,,,,,,,
1540,,,,,22,,1.5832873582839966,0.5737554430961609,0.10105100274085999,1.5832873582839966,,,,
1541,,,,,,0.001,,,,,,,,
1549,,,,,,0.001,,,,,,,,
1549,0.7645292282104492,1.2761634588241577,1.2761634588241577,0.1709054857492447,23,,,,,,,,,
1599,,,,,,0.001,,,,,,,,
1599,0.6853572130203247,1.3098582029342651,1.3098582029342651,0.1236797645688057,23,,,,,,,,,
1607,,,,,23,,1.6656651496887207,0.5169793367385864,0.08320983499288559,1.6656651496887207,,,,
1608,,,,,,0.001,,,,,,,,
1649,,,,,,0.001,,,,,,,,
1649,0.7184531092643738,1.2457852363586426,1.2457852363586426,0.13822919130325317,24,,,,,,,,,
1674,,,,,24,,1.6620839834213257,0.5369905233383179,0.10277019441127777,1.6620839834213257,,,,
1675,,,,,,0.001,,,,,,,,
1699,,,,,,0.001,,,,,,,,
1699,0.7501546144485474,1.231960654258728,1.231960654258728,0.15318524837493896,25,,,,,,,,,
1741,,,,,25,,1.670853853225708,0.5233051776885986,0.09643958508968353,1.670853853225708,,,,
1742,,,,,,0.001,,,,,,,,
1749,,,,,,0.001,,,,,,,,
1749,0.7455809116363525,1.244195818901062,1.244195818901062,0.1725771576166153,26,,,,,,,,,
1799,,,,,,0.001,,,,,,,,
1799,0.6752021312713623,1.2775484323501587,1.2775484323501587,0.08335506916046143,26,,,,,,,,,
1808,,,,,26,,1.6868469715118408,0.5147697925567627,0.1045360118150711,1.6868469715118408,,,,
1809,,,,,,0.001,,,,,,,,
1849,,,,,,0.001,,,,,,,,
1849,0.7185982465744019,1.2745580673217773,1.2745580673217773,0.17384938895702362,27,,,,,,,,,
1875,,,,,27,,1.635362148284912,0.5452250838279724,0.10800282657146454,1.635362148284912,,,,
1876,,,,,,0.001,,,,,,,,
1899,,,,,,0.001,,,,,,,,
1899,0.718845546245575,1.2249048948287964,1.2249048948287964,0.17365588247776031,28,,,,,,,,,
1942,,,,,28,,1.7047083377838135,0.5111059546470642,0.11534005403518677,1.7047083377838135,,,,
1943,,,,,,0.001,,,,,,,,
1949,,,,,,0.001,,,,,,,,
1949,0.7238782644271851,1.2642561197280884,1.2642561197280884,0.1550222784280777,29,,,,,,,,,
1999,,,,,,0.001,,,,,,,,
1999,0.753725528717041,1.1977254152297974,1.1977254152297974,0.1791943907737732,29,,,,,,,,,
2009,,,,,29,,1.6557124853134155,0.5250234007835388,0.09496179223060608,1.6557124853134155,,,,
2010,,,,,,0.001,,,,,,,,
2049,,,,,,0.001,,,,,,,,
2049,0.7171630859375,1.2241579294204712,1.2241579294204712,0.16860444843769073,30,,,,,,,,,
2076,,,,,30,,1.6573783159255981,0.5229941606521606,0.10286527872085571,1.6573783159255981,,,,
2077,,,,,,0.001,,,,,,,,
2099,,,,,,0.001,,,,,,,,
2099,0.6985953450202942,1.2418484687805176,1.2418484687805176,0.10703524202108383,31,,,,,,,,,
2143,,,,,31,,1.6605337858200073,0.5384811758995056,0.1308547705411911,1.6605337858200073,,,,
2144,,,,,,0.001,,,,,,,,
2149,,,,,,0.001,,,,,,,,
2149,0.7357662916183472,1.2048107385635376,1.2048107385635376,0.14736419916152954,32,,,,,,,,,
2199,,,,,,0.001,,,,,,,,
2199,0.7124811410903931,1.2285479307174683,1.2285479307174683,0.16197839379310608,32,,,,,,,,,
2210,,,,,32,,1.6866257190704346,0.5124697685241699,0.10344687849283218,1.6866257190704346,,,,
2211,,,,,,0.001,,,,,,,,
2249,,,,,,0.001,,,,,,,,
2249,0.7399039268493652,1.2296922206878662,1.2296922206878662,0.16803200542926788,33,,,,,,,,,
2277,,,,,33,,1.6642131805419922,0.5298547744750977,0.10447121411561966,1.6642131805419922,,,,
2278,,,,,,0.001,,,,,,,,
2299,,,,,,0.001,,,,,,,,
2299,0.7149695158004761,1.3183468580245972,1.3183468580245972,0.19240345060825348,34,,,,,,,,,
2344,,,,,34,,1.6608307361602783,0.5075487494468689,0.08202704787254333,1.6608307361602783,,,,
2345,,,,,,0.001,,,,,,,,
2349,,,,,,0.001,,,,,,,,
2349,0.6944870352745056,1.2429430484771729,1.2429430484771729,0.1547832489013672,35,,,,,,,,,
2399,,,,,,0.001,,,,,,,,
2399,0.7279723286628723,1.2600743770599365,1.2600743770599365,0.18452922999858856,35,,,,,,,,,
2411,,,,,35,,1.6653639078140259,0.5420863032341003,0.12604810297489166,1.6653639078140259,,,,
2412,,,,,,0.001,,,,,,,,
2449,,,,,,0.001,,,,,,,,
2449,0.7431248426437378,1.1972403526306152,1.1972403526306152,0.12959003448486328,36,,,,,,,,,
2478,,,,,36,,1.6714369058609009,0.5331242680549622,0.11715339124202728,1.6714369058609009,,,,
2479,,,,,,0.001,,,,,,,,
2499,,,,,,0.001,,,,,,,,
2499,0.7039462924003601,1.2484803199768066,1.2484803199768066,0.14364749193191528,37,,,,,,,,,
2545,,,,,37,,1.6642956733703613,0.5362461805343628,0.12211618572473526,1.6642956733703613,,,,
2546,,,,,,0.001,,,,,,,,
2549,,,,,,0.001,,,,,,,,
2549,0.7591120004653931,1.2013686895370483,1.2013686895370483,0.2406996637582779,38,,,,,,,,,
2599,,,,,,0.001,,,,,,,,
2599,0.6613537073135376,1.3142223358154297,1.3142223358154297,0.14370106160640717,38,,,,,,,,,
2612,,,,,38,,1.5526437759399414,0.5932806134223938,0.1338658332824707,1.5526437759399414,,,,
2613,,,,,,0.001,,,,,,,,
2649,,,,,,0.001,,,,,,,,
2649,0.7018229961395264,1.2231545448303223,1.2231545448303223,0.1544657051563263,39,,,,,,,,,
2679,,,,,39,,1.6860663890838623,0.514420211315155,0.11410412937402725,1.6860663890838623,,,,
2680,,,,,,0.001,,,,,,,,
2699,,,,,,0.001,,,,,,,,
2699,0.7351107001304626,1.2319159507751465,1.2319159507751465,0.20991189777851105,40,,,,,,,,,
2746,,,,,40,,1.5886456966400146,0.5404073596000671,0.08504413813352585,1.5886456966400146,,,,
2747,,,,,,0.001,,,,,,,,
2749,,,,,,0.001,,,,,,,,
2749,0.7040907740592957,1.220493197441101,1.220493197441101,0.11122292280197144,41,,,,,,,,,
2799,,,,,,0.001,,,,,,,,
2799,0.6424092650413513,1.3051308393478394,1.3051308393478394,0.10124674439430237,41,,,,,,,,,
2813,,,,,41,,1.670158863067627,0.5396044254302979,0.12550702691078186,1.670158863067627,,,,
2814,,,,,,0.001,,,,,,,,
2849,,,,,,0.001,,,,,,,,
2849,0.7693321704864502,1.319542407989502,1.319542407989502,0.24415770173072815,42,,,,,,,,,
2880,,,,,42,,1.6660443544387817,0.5174478888511658,0.10114048421382904,1.6660443544387817,,,,
2881,,,,,,0.001,,,,,,,,
2899,,,,,,0.001,,,,,,,,
2899,0.7663957476615906,1.2185646295547485,1.2185646295547485,0.2303321659564972,43,,,,,,,,,
2947,,,,,43,,1.6309620141983032,0.5389137864112854,0.1055859848856926,1.6309620141983032,,,,
2948,,,,,,0.001,,,,,,,,
2949,,,,,,0.001,,,,,,,,
2949,0.5969902873039246,1.4197274446487427,1.4197274446487427,0.06906293332576752,44,,,,,,,,,
2999,,,,,,0.001,,,,,,,,
2999,0.7355782985687256,1.2021549940109253,1.2021549940109253,0.19571401178836823,44,,,,,,,,,
3014,,,,,44,,1.6550061702728271,0.5341735482215881,0.12071015685796738,1.6550061702728271,,,,
3015,,,,,,0.001,,,,,,,,
3049,,,,,,0.001,,,,,,,,
3049,0.6813877820968628,1.2364856004714966,1.2364856004714966,0.12114669382572174,45,,,,,,,,,
3081,,,,,45,,1.579035997390747,0.5475700497627258,0.10453087836503983,1.579035997390747,,,,
3082,,,,,,0.001,,,,,,,,
3099,,,,,,0.001,,,,,,,,
3099,0.725761353969574,1.3394182920455933,1.3394182920455933,0.2444109320640564,46,,,,,,,,,
3148,,,,,46,,1.6423214673995972,0.5440762042999268,0.11988481879234314,1.6423214673995972,,,,
3149,,,,,,0.001,,,,,,,,
3149,,,,,,0.001,,,,,,,,
3149,0.6896726489067078,1.2744580507278442,1.2744580507278442,0.11991779506206512,47,,,,,,,,,
3199,,,,,,0.001,,,,,,,,
3199,0.6390791535377502,1.201007604598999,1.201007604598999,0.07875977456569672,47,,,,,,,,,
3215,,,,,47,,1.6334284543991089,0.555612325668335,0.13320127129554749,1.6334284543991089,,,,
3216,,,,,,0.001,,,,,,,,
3249,,,,,,0.001,,,,,,,,
3249,0.6874951720237732,1.2850539684295654,1.2850539684295654,0.13876956701278687,48,,,,,,,,,
3282,,,,,48,,1.6428568363189697,0.5414232015609741,0.12050788104534149,1.6428568363189697,,,,
3283,,,,,,0.001,,,,,,,,
3299,,,,,,0.001,,,,,,,,
3299,0.729874849319458,1.2299036979675293,1.2299036979675293,0.19102713465690613,49,,,,,,,,,
3349,,,,,,0.001,,,,,,,,
3349,0.6736823320388794,1.2996472120285034,1.2996472120285034,0.11556955426931381,49,,,,,,,,,
3349,,,,,49,,1.7167692184448242,0.5018441677093506,0.120489701628685,1.7167692184448242,,,,
3350,,,,,,0.001,,,,,,,,
3399,,,,,,0.001,,,,,,,,
3399,0.7331305742263794,1.2566357851028442,1.2566357851028442,0.21352368593215942,50,,,,,,,,,
3416,,,,,50,,1.6419603824615479,0.5319398045539856,0.1041426733136177,1.6419603824615479,,,,
3417,,,,,,0.001,,,,,,,,
3449,,,,,,0.001,,,,,,,,
3449,0.7507634162902832,1.1965444087982178,1.1965444087982178,0.18834300339221954,51,,,,,,,,,
3483,,,,,51,,1.6978620290756226,0.5132594704627991,0.12331948429346085,1.6978620290756226,,,,
3484,,,,,,0.001,,,,,,,,
3499,,,,,,0.001,,,,,,,,
3499,0.8229972124099731,1.1763653755187988,1.1763653755187988,0.31575632095336914,52,,,,,,,,,
3549,,,,,,0.001,,,,,,,,
3549,0.6728914976119995,1.280195713043213,1.280195713043213,0.1107383519411087,52,,,,,,,,,
3550,,,,,52,,1.6719566583633423,0.524214506149292,0.12236829102039337,1.6719566583633423,,,,
3551,,,,,,0.001,,,,,,,,
3599,,,,,,0.001,,,,,,,,
3599,0.670019268989563,1.3040132522583008,1.3040132522583008,0.11149202287197113,53,,,,,,,,,
3617,,,,,53,,1.5793877840042114,0.5700632929801941,0.11554137617349625,1.5793877840042114,,,,
3618,,,,,,0.001,,,,,,,,
3649,,,,,,0.001,,,,,,,,
3649,0.7280625104904175,1.1940280199050903,1.1940280199050903,0.1396481990814209,54,,,,,,,,,
3684,,,,,54,,1.7007169723510742,0.5136266946792603,0.12896454334259033,1.7007169723510742,,,,
3685,,,,,,0.001,,,,,,,,
3699,,,,,,0.001,,,,,,,,
3699,0.687427818775177,1.3314121961593628,1.3314121961593628,0.19030025601387024,55,,,,,,,,,
3749,,,,,,0.001,,,,,,,,
3749,0.7128543257713318,1.28439199924469,1.28439199924469,0.15975305438041687,55,,,,,,,,,
3751,,,,,55,,1.6901663541793823,0.5257509350776672,0.1306404024362564,1.6901663541793823,,,,
3752,,,,,,0.001,,,,,,,,
3799,,,,,,0.001,,,,,,,,
3799,0.6341952681541443,1.3729209899902344,1.3729209899902344,0.09962837398052216,56,,,,,,,,,
3818,,,,,56,,1.6562825441360474,0.5374153852462769,0.12704215943813324,1.6562825441360474,,,,
3819,,,,,,0.001,,,,,,,,
3849,,,,,,0.001,,,,,,,,
3849,0.6488602757453918,1.3121092319488525,1.3121092319488525,0.12408309429883957,57,,,,,,,,,
3885,,,,,57,,1.654388427734375,0.5517604947090149,0.14054502546787262,1.654388427734375,,,,
3886,,,,,,0.001,,,,,,,,
3899,,,,,,0.001,,,,,,,,
3899,0.6562389135360718,1.274976134300232,1.274976134300232,0.10020225495100021,58,,,,,,,,,
3949,,,,,,0.001,,,,,,,,
3949,0.7954131364822388,1.1913357973098755,1.1913357973098755,0.2412828654050827,58,,,,,,,,,
3952,,,,,58,,1.6583216190338135,0.5291852951049805,0.10550394654273987,1.6583216190338135,,,,
3953,,,,,,0.001,,,,,,,,
3999,,,,,,0.001,,,,,,,,
3999,0.7317616939544678,1.1931664943695068,1.1931664943695068,0.20696449279785156,59,,,,,,,,,
4019,,,,,59,,1.690421462059021,0.5305911302566528,0.13152913749217987,1.690421462059021,,,,
4020,,,,,,0.001,,,,,,,,
4049,,,,,,0.001,,,,,,,,
4049,0.6843215227127075,1.3011616468429565,1.3011616468429565,0.18740946054458618,60,,,,,,,,,
4086,,,,,60,,1.6326673030853271,0.5330283045768738,0.10509990155696869,1.6326673030853271,,,,
4087,,,,,,0.001,,,,,,,,
4099,,,,,,0.001,,,,,,,,
4099,0.7388365268707275,1.216333031654358,1.216333031654358,0.1976432055234909,61,,,,,,,,,
4149,,,,,,0.001,,,,,,,,
4149,0.7205358147621155,1.1992183923721313,1.1992183923721313,0.13972406089305878,61,,,,,,,,,
4153,,,,,61,,1.6854884624481201,0.5211026072502136,0.12970134615898132,1.6854884624481201,,,,
4154,,,,,,0.001,,,,,,,,
4199,,,,,,0.001,,,,,,,,
4199,0.7230257987976074,1.262337565422058,1.262337565422058,0.15535925328731537,62,,,,,,,,,
4220,,,,,62,,1.6816234588623047,0.5064356327056885,0.11014704406261444,1.6816234588623047,,,,
4221,,,,,,0.001,,,,,,,,
4249,,,,,,0.001,,,,,,,,
4249,0.7208878993988037,1.2170478105545044,1.2170478105545044,0.20054051280021667,63,,,,,,,,,
4287,,,,,63,,1.6275635957717896,0.5285244584083557,0.09439510107040405,1.6275635957717896,,,,
4288,,,,,,0.001,,,,,,,,
4299,,,,,,0.001,,,,,,,,
4299,0.6448864340782166,1.2826509475708008,1.2826509475708008,0.1106312945485115,64,,,,,,,,,
4349,,,,,,0.001,,,,,,,,
4349,0.6687076687812805,1.2818299531936646,1.2818299531936646,0.1055343747138977,64,,,,,,,,,
4354,,,,,64,,1.7195509672164917,0.5019456148147583,0.12229421734809875,1.7195509672164917,,,,
4355,,,,,,0.001,,,,,,,,
4399,,,,,,0.001,,,,,,,,
4399,0.7022943496704102,1.198699712753296,1.198699712753296,0.14184631407260895,65,,,,,,,,,
4421,,,,,65,,1.6737762689590454,0.5192078351974487,0.11894809454679489,1.6737762689590454,,,,
4422,,,,,,0.001,,,,,,,,
4449,,,,,,0.001,,,,,,,,
4449,0.7254059910774231,1.187536358833313,1.187536358833313,0.185164213180542,66,,,,,,,,,
4488,,,,,66,,1.688383936882019,0.5094395279884338,0.12518735229969025,1.688383936882019,,,,
4489,,,,,,0.001,,,,,,,,
4499,,,,,,0.001,,,,,,,,
4499,0.7176990509033203,1.2690892219543457,1.2690892219543457,0.1759137362241745,67,,,,,,,,,
4549,,,,,,0.001,,,,,,,,
4549,0.7109531164169312,1.271583080291748,1.271583080291748,0.14712949097156525,67,,,,,,,,,
4555,,,,,67,,1.6707496643066406,0.5232446789741516,0.11509072035551071,1.6707496643066406,,,,
4556,,,,,,0.001,,,,,,,,
4599,,,,,,0.001,,,,,,,,
4599,0.7448883056640625,1.172560453414917,1.172560453414917,0.236233651638031,68,,,,,,,,,
4622,,,,,68,,1.5836771726608276,0.570062518119812,0.12025903910398483,1.5836771726608276,,,,
4623,,,,,,0.001,,,,,,,,
4649,,,,,,0.001,,,,,,,,
4649,0.708621621131897,1.1960753202438354,1.1960753202438354,0.15981054306030273,69,,,,,,,,,
4689,,,,,69,,1.5920522212982178,0.5758814215660095,0.1355733722448349,1.5920522212982178,,,,
4690,,,,,,0.001,,,,,,,,
4699,,,,,,0.001,,,,,,,,
4699,0.7488528490066528,1.2362942695617676,1.2362942695617676,0.21272940933704376,70,,,,,,,,,
4749,,,,,,0.001,,,,,,,,
4749,0.6529185175895691,1.224915862083435,1.224915862083435,0.1019308939576149,70,,,,,,,,,
4756,,,,,70,,1.6247988939285278,0.5573164820671082,0.12014998495578766,1.6247988939285278,,,,
4757,,,,,,0.001,,,,,,,,
4799,,,,,,0.001,,,,,,,,
4799,0.6641025543212891,1.2463371753692627,1.2463371753692627,0.12238876521587372,71,,,,,,,,,
4823,,,,,71,,1.6962276697158813,0.5158249735832214,0.12366761267185211,1.6962276697158813,,,,
4824,,,,,,0.001,,,,,,,,
4849,,,,,,0.001,,,,,,,,
4849,0.7642521262168884,1.2544701099395752,1.2544701099395752,0.2749396562576294,72,,,,,,,,,
4890,,,,,72,,1.6763384342193604,0.5299235582351685,0.12148144841194153,1.6763384342193604,,,,
4891,,,,,,0.001,,,,,,,,
4899,,,,,,0.001,,,,,,,,
4899,0.6669978499412537,1.241897463798523,1.241897463798523,0.11810923367738724,73,,,,,,,,,
4949,,,,,,0.001,,,,,,,,
4949,0.6660150289535522,1.2508512735366821,1.2508512735366821,0.12026847153902054,73,,,,,,,,,
4957,,,,,73,,1.6414568424224854,0.5298418402671814,0.11412511020898819,1.6414568424224854,,,,
4958,,,,,,0.001,,,,,,,,
4999,,,,,,0.001,,,,,,,,
4999,0.7423095703125,1.2547547817230225,1.2547547817230225,0.177113339304924,74,,,,,,,,,
5024,,,,,74,,1.6239604949951172,0.5305150151252747,0.10274876654148102,1.6239604949951172,,,,
5025,,,,,,0.001,,,,,,,,
5049,,,,,,0.001,,,,,,,,
5049,0.7285841703414917,1.1618947982788086,1.1618947982788086,0.19884783029556274,75,,,,,,,,,
5091,,,,,75,,1.6866812705993652,0.5431076288223267,0.1472843438386917,1.6866812705993652,,,,
5092,,,,,,0.001,,,,,,,,
5099,,,,,,0.001,,,,,,,,
5099,0.6986448764801025,1.2825828790664673,1.2825828790664673,0.18493470549583435,76,,,,,,,,,
5149,,,,,,0.001,,,,,,,,
5149,0.6483045816421509,1.3257895708084106,1.3257895708084106,0.12372078001499176,76,,,,,,,,,
5158,,,,,76,,1.6947853565216064,0.502200722694397,0.11512380838394165,1.6947853565216064,,,,
5159,,,,,,0.001,,,,,,,,
5199,,,,,,0.001,,,,,,,,
5199,0.7102100849151611,1.279234528541565,1.279234528541565,0.12538670003414154,77,,,,,,,,,
5225,,,,,77,,1.5594727993011475,0.5581483840942383,0.09981880336999893,1.5594727993011475,,,,
5226,,,,,,0.001,,,,,,,,
5249,,,,,,0.001,,,,,,,,
5249,0.7689232230186462,1.231149435043335,1.231149435043335,0.23796290159225464,78,,,,,,,,,
5292,,,,,78,,1.6460821628570557,0.5551180243492126,0.14467361569404602,1.6460821628570557,,,,
5293,,,,,,0.001,,,,,,,,
5299,,,,,,0.001,,,,,,,,
5299,0.7760426998138428,1.1862528324127197,1.1862528324127197,0.24128590524196625,79,,,,,,,,,
5349,,,,,,0.001,,,,,,,,
5349,0.7524118423461914,1.2356081008911133,1.2356081008911133,0.20991365611553192,79,,,,,,,,,
5359,,,,,79,,1.5857877731323242,0.5585238933563232,0.1073489859700203,1.5857877731323242,,,,
5360,,,,,,0.001,,,,,,,,
5399,,,,,,0.001,,,,,,,,
5399,0.7258599996566772,1.2261189222335815,1.2261189222335815,0.2044016271829605,80,,,,,,,,,
5426,,,,,80,,1.669825792312622,0.5198850035667419,0.11671626567840576,1.669825792312622,,,,
5427,,,,,,0.001,,,,,,,,
5449,,,,,,0.001,,,,,,,,
5449,0.625649094581604,1.2637193202972412,1.2637193202972412,0.05798930674791336,81,,,,,,,,,
5493,,,,,81,,1.63495934009552,0.5471582412719727,0.1248275563120842,1.63495934009552,,,,
5494,,,,,,0.001,,,,,,,,
5499,,,,,,0.001,,,,,,,,
5499,0.7803349494934082,1.1618869304656982,1.1618869304656982,0.2460322380065918,82,,,,,,,,,
5549,,,,,,0.001,,,,,,,,
5549,0.732937753200531,1.214995265007019,1.214995265007019,0.17318299412727356,82,,,,,,,,,
5560,,,,,82,,1.6492878198623657,0.5115213990211487,0.10381878167390823,1.6492878198623657,,,,
5561,,,,,,0.001,,,,,,,,
5599,,,,,,0.001,,,,,,,,
5599,0.6828022003173828,1.29665207862854,1.29665207862854,0.15964846312999725,83,,,,,,,,,
5627,,,,,83,,1.6489920616149902,0.5183274745941162,0.10293983668088913,1.6489920616149902,,,,
5628,,,,,,0.001,,,,,,,,
5649,,,,,,0.001,,,,,,,,
5649,0.6191545128822327,1.2890712022781372,1.2890712022781372,0.07909640669822693,84,,,,,,,,,
5694,,,,,84,,1.6082119941711426,0.5481697916984558,0.11696279048919678,1.6082119941711426,,,,
5695,,,,,,0.001,,,,,,,,
5699,,,,,,0.001,,,,,,,,
5699,0.7272623777389526,1.230252742767334,1.230252742767334,0.2261955291032791,85,,,,,,,,,
5749,,,,,,0.001,,,,,,,,
5749,0.7197375297546387,1.2220016717910767,1.2220016717910767,0.23281264305114746,85,,,,,,,,,
5761,,,,,85,,1.5914980173110962,0.5609589219093323,0.11012282222509384,1.5914980173110962,,,,
5762,,,,,,0.001,,,,,,,,
5799,,,,,,0.001,,,,,,,,
5799,0.741426944732666,1.2380948066711426,1.2380948066711426,0.23514823615550995,86,,,,,,,,,
5828,,,,,86,,1.7172690629959106,0.49757787585258484,0.11595942080020905,1.7172690629959106,,,,
5829,,,,,,0.001,,,,,,,,
5849,,,,,,0.001,,,,,,,,
5849,0.6474175453186035,1.2006033658981323,1.2006033658981323,0.12136372178792953,87,,,,,,,,,
5895,,,,,87,,1.6813050508499146,0.5181949138641357,0.1240227147936821,1.6813050508499146,,,,
5896,,,,,,0.001,,,,,,,,
5899,,,,,,0.001,,,,,,,,
5899,0.6422398090362549,1.321961760520935,1.321961760520935,0.1448613554239273,88,,,,,,,,,
5949,,,,,,0.001,,,,,,,,
5949,0.6978439688682556,1.2312291860580444,1.2312291860580444,0.1447438895702362,88,,,,,,,,,
5962,,,,,88,,1.6929068565368652,0.5131547451019287,0.11813066899776459,1.6929068565368652,,,,
5963,,,,,,0.001,,,,,,,,
5999,,,,,,0.001,,,,,,,,
5999,0.7046108245849609,1.2477138042449951,1.2477138042449951,0.20090804994106293,89,,,,,,,,,
6029,,,,,89,,1.6499929428100586,0.5344604849815369,0.12097346782684326,1.6499929428100586,,,,
6030,,,,,,0.001,,,,,,,,
6049,,,,,,0.001,,,,,,,,
6049,0.6545124053955078,1.293255090713501,1.293255090713501,0.11363541334867477,90,,,,,,,,,
6096,,,,,90,,1.6849792003631592,0.5137006640434265,0.12197637557983398,1.6849792003631592,,,,
6097,,,,,,0.001,,,,,,,,
6099,,,,,,0.001,,,,,,,,
6099,0.7016164064407349,1.2567533254623413,1.2567533254623413,0.18318021297454834,91,,,,,,,,,
6149,,,,,,0.001,,,,,,,,
6149,0.6770878434181213,1.193448781967163,1.193448781967163,0.12210644036531448,91,,,,,,,,,
6163,,,,,91,,1.6842223405838013,0.5145013928413391,0.12423012405633926,1.6842223405838013,,,,
6164,,,,,,0.001,,,,,,,,
6199,,,,,,0.001,,,,,,,,
6199,0.7728469371795654,1.2456364631652832,1.2456364631652832,0.23739264905452728,92,,,,,,,,,
6230,,,,,92,,1.6966273784637451,0.503405749797821,0.12034571915864944,1.6966273784637451,,,,
6231,,,,,,0.001,,,,,,,,
6249,,,,,,0.001,,,,,,,,
6249,0.7238789796829224,1.211714506149292,1.211714506149292,0.1809334009885788,93,,,,,,,,,
6297,,,,,93,,1.6489174365997314,0.5090534687042236,0.0978325605392456,1.6489174365997314,,,,
6298,,,,,,0.001,,,,,,,,
6299,,,,,,0.001,,,,,,,,
6299,0.6642448306083679,1.2392387390136719,1.2392387390136719,0.12199637293815613,94,,,,,,,,,
6349,,,,,,0.001,,,,,,,,
6349,0.7283949851989746,1.220931053161621,1.220931053161621,0.1834680438041687,94,,,,,,,,,
6364,,,,,94,,1.6730036735534668,0.5167645812034607,0.11605029553174973,1.6730036735534668,,,,
6365,,,,,,0.001,,,,,,,,
6399,,,,,,0.001,,,,,,,,
6399,0.676291823387146,1.2510069608688354,1.2510069608688354,0.13553738594055176,95,,,,,,,,,
6431,,,,,95,,1.6689746379852295,0.5151154398918152,0.10776235908269882,1.6689746379852295,,,,
6432,,,,,,0.001,,,,,,,,
6449,,,,,,0.001,,,,,,,,
6449,0.7149816751480103,1.1756432056427002,1.1756432056427002,0.19570939242839813,96,,,,,,,,,
6498,,,,,96,,1.7020264863967896,0.49031689763069153,0.10600773245096207,1.7020264863967896,,,,
6499,,,,,,0.001,,,,,,,,
6499,,,,,,0.001,,,,,,,,
6499,0.6886568069458008,1.280169129371643,1.280169129371643,0.18376827239990234,97,,,,,,,,,
6549,,,,,,0.001,,,,,,,,
6549,0.6788493394851685,1.2269792556762695,1.2269792556762695,0.15026472508907318,97,,,,,,,,,
6565,,,,,97,,1.6634479761123657,0.5251680612564087,0.1106298640370369,1.6634479761123657,,,,
6566,,,,,,0.001,,,,,,,,
6599,,,,,,0.001,,,,,,,,
6599,0.6550738215446472,1.2085620164871216,1.2085620164871216,0.1072172001004219,98,,,,,,,,,
6632,,,,,98,,1.6719082593917847,0.5096487402915955,0.11885674297809601,1.6719082593917847,,,,
6633,,,,,,0.001,,,,,,,,
6649,,,,,,0.001,,,,,,,,
6649,0.6367762088775635,1.2829512357711792,1.2829512357711792,0.12739796936511993,99,,,,,,,,,
6699,,,,,,0.001,,,,,,,,
6699,0.6775380969047546,1.3577231168746948,1.3577231168746948,0.09683802723884583,99,,,,,,,,,
6699,,,,,99,,1.5546461343765259,0.6044065952301025,0.13586044311523438,1.5546461343765259,,,,
6700,,,,,,0.001,,,,,,,,
6749,,,,,,0.001,,,,,,,,
6749,0.7037085890769958,1.2674094438552856,1.2674094438552856,0.17839297652244568,100,,,,,,,,,
6766,,,,,100,,1.6573611497879028,0.5127353668212891,0.0905396044254303,1.6573611497879028,,,,
6767,,,,,,0.001,,,,,,,,
6799,,,,,,0.001,,,,,,,,
6799,0.7146592140197754,1.2126091718673706,1.2126091718673706,0.18841682374477386,101,,,,,,,,,
6833,,,,,101,,1.693701148033142,0.510369598865509,0.11865867674350739,1.693701148033142,,,,
6834,,,,,,0.001,,,,,,,,
6849,,,,,,0.001,,,,,,,,
6849,0.6472346186637878,1.317731261253357,1.317731261253357,0.1322551965713501,102,,,,,,,,,
6899,,,,,,0.001,,,,,,,,
6899,0.7078162431716919,1.2350765466690063,1.2350765466690063,0.14786358177661896,102,,,,,,,,,
6900,,,,,102,,1.6752921342849731,0.5135875940322876,0.1136469766497612,1.6752921342849731,,,,
6901,,,,,,0.001,,,,,,,,
6949,,,,,,0.001,,,,,,,,
6949,0.6998263001441956,1.199396014213562,1.199396014213562,0.17364253103733063,103,,,,,,,,,
6967,,,,,103,,1.6576341390609741,0.5252881050109863,0.10568895190954208,1.6576341390609741,,,,
6968,,,,,,0.001,,,,,,,,
6999,,,,,,0.001,,,,,,,,
6999,0.7214676737785339,1.2970330715179443,1.2970330715179443,0.2562435567378998,104,,,,,,,,,
7034,,,,,104,,1.6273757219314575,0.5437931418418884,0.11154469102621078,1.6273757219314575,,,,
7035,,,,,,0.001,,,,,,,,
7049,,,,,,0.001,,,,,,,,
7049,0.7210779190063477,1.166460394859314,1.166460394859314,0.17610889673233032,105,,,,,,,,,
7099,,,,,,0.001,,,,,,,,
7099,0.689227819442749,1.2545104026794434,1.2545104026794434,0.14654918015003204,105,,,,,,,,,
7101,,,,,105,,1.7022117376327515,0.4812606871128082,0.09665349125862122,1.7022117376327515,,,,
7102,,,,,,0.001,,,,,,,,
7149,,,,,,0.001,,,,,,,,
7149,0.7240687608718872,1.17438805103302,1.17438805103302,0.18924939632415771,106,,,,,,,,,
7168,,,,,106,,1.6496446132659912,0.5346034169197083,0.12309110909700394,1.6496446132659912,,,,
7169,,,,,,0.001,,,,,,,,
7199,,,,,,0.001,,,,,,,,
7199,0.7477507591247559,1.2059402465820312,1.2059402465820312,0.1936885118484497,107,,,,,,,,,
7235,,,,,107,,1.676471471786499,0.5050376057624817,0.10639967769384384,1.676471471786499,,,,
7236,,,,,,0.001,,,,,,,,
7249,,,,,,0.001,,,,,,,,
7249,0.7610775232315063,1.1717106103897095,1.1717106103897095,0.24633103609085083,108,,,,,,,,,
7299,,,,,,0.001,,,,,,,,
7299,0.7679985761642456,1.188925862312317,1.188925862312317,0.3013262450695038,108,,,,,,,,,
7302,,,,,108,,1.6299588680267334,0.5278114676475525,0.11687610298395157,1.6299588680267334,,,,
7303,,,,,,0.001,,,,,,,,
7349,,,,,,0.001,,,,,,,,
7349,0.6565892100334167,1.4450980424880981,1.4450980424880981,0.17650996148586273,109,,,,,,,,,
7369,,,,,109,,1.7099080085754395,0.4903210699558258,0.12175314873456955,1.7099080085754395,,,,
7370,,,,,,0.001,,,,,,,,
7399,,,,,,0.001,,,,,,,,
7399,0.7012553811073303,1.2389081716537476,1.2389081716537476,0.14358754456043243,110,,,,,,,,,
7436,,,,,110,,1.6527622938156128,0.5026755928993225,0.09555040299892426,1.6527622938156128,,,,
7437,,,,,,0.001,,,,,,,,
7449,,,,,,0.001,,,,,,,,
7449,0.6746431589126587,1.2786754369735718,1.2786754369735718,0.13484174013137817,111,,,,,,,,,
7499,,,,,,0.001,,,,,,,,
7499,0.6521143317222595,1.2927747964859009,1.2927747964859009,0.1469436138868332,111,,,,,,,,,
7503,,,,,111,,1.694426417350769,0.5043271780014038,0.11955346912145615,1.694426417350769,,,,
7504,,,,,,0.001,,,,,,,,
7549,,,,,,0.001,,,,,,,,
7549,0.6734383702278137,1.2872695922851562,1.2872695922851562,0.12314563244581223,112,,,,,,,,,
7570,,,,,112,,1.7243459224700928,0.5057478547096252,0.13482864201068878,1.7243459224700928,,,,
7571,,,,,,0.001,,,,,,,,
7599,,,,,,0.001,,,,,,,,
7599,0.6919591426849365,1.2861541509628296,1.2861541509628296,0.21034608781337738,113,,,,,,,,,
7637,,,,,113,,1.6331654787063599,0.5426120162010193,0.10804056376218796,1.6331654787063599,,,,
7638,,,,,,0.001,,,,,,,,
7649,,,,,,0.001,,,,,,,,
7649,0.7088682055473328,1.2128195762634277,1.2128195762634277,0.16624890267848969,114,,,,,,,,,
7699,,,,,,0.001,,,,,,,,
7699,0.6874887347221375,1.2310030460357666,1.2310030460357666,0.15946055948734283,114,,,,,,,,,
7704,,,,,114,,1.6295721530914307,0.5244395136833191,0.0997186005115509,1.6295721530914307,,,,
7705,,,,,,0.001,,,,,,,,
7749,,,,,,0.001,,,,,,,,
7749,0.7414712905883789,1.1973202228546143,1.1973202228546143,0.23455098271369934,115,,,,,,,,,
7771,,,,,115,,1.683487057685852,0.5019246935844421,0.10466743260622025,1.683487057685852,,,,
7772,,,,,,0.001,,,,,,,,
7799,,,,,,0.001,,,,,,,,
7799,0.6938014030456543,1.2639704942703247,1.2639704942703247,0.18033336102962494,116,,,,,,,,,
7838,,,,,116,,1.6720751523971558,0.496050626039505,0.10340865701436996,1.6720751523971558,,,,
7839,,,,,,0.001,,,,,,,,
7849,,,,,,0.001,,,,,,,,
7849,0.6643688678741455,1.376230239868164,1.376230239868164,0.12665455043315887,117,,,,,,,,,
7899,,,,,,0.001,,,,,,,,
7899,0.7787743806838989,1.1475704908370972,1.1475704908370972,0.2623780369758606,117,,,,,,,,,
7905,,,,,117,,1.6797833442687988,0.5081261396408081,0.11528924852609634,1.6797833442687988,,,,
7906,,,,,,0.001,,,,,,,,
7949,,,,,,0.001,,,,,,,,
7949,0.6760093569755554,1.2824313640594482,1.2824313640594482,0.1297571361064911,118,,,,,,,,,
7972,,,,,118,,1.701646327972412,0.5007796883583069,0.11079436540603638,1.701646327972412,,,,
7973,,,,,,0.001,,,,,,,,
7999,,,,,,0.001,,,,,,,,
7999,0.6613152623176575,1.243742823600769,1.243742823600769,0.1272648274898529,119,,,,,,,,,
8039,,,,,119,,1.616674542427063,0.553615152835846,0.12531132996082306,1.616674542427063,,,,
8040,,,,,,0.001,,,,,,,,
8049,,,,,,0.001,,,,,,,,
8049,0.7224395871162415,1.2598563432693481,1.2598563432693481,0.23141516745090485,120,,,,,,,,,
8099,,,,,,0.001,,,,,,,,
8099,0.6045140624046326,1.390684723854065,1.390684723854065,0.10572095215320587,120,,,,,,,,,
8106,,,,,120,,1.6839942932128906,0.5168951153755188,0.11997894942760468,1.6839942932128906,,,,
8107,,,,,,0.001,,,,,,,,
8149,,,,,,0.001,,,,,,,,
8149,0.7399084568023682,1.2616552114486694,1.2616552114486694,0.21747076511383057,121,,,,,,,,,
8173,,,,,121,,1.6595946550369263,0.5037768483161926,0.09353434294462204,1.6595946550369263,,,,
8174,,,,,,0.001,,,,,,,,
8199,,,,,,0.001,,,,,,,,
8199,0.6519932746887207,1.2642219066619873,1.2642219066619873,0.12071013450622559,122,,,,,,,,,
8240,,,,,122,,1.7160629034042358,0.48586466908454895,0.11034369468688965,1.7160629034042358,,,,
8241,,,,,,0.001,,,,,,,,
8249,,,,,,0.001,,,,,,,,
8249,0.6772180199623108,1.232315182685852,1.232315182685852,0.13119739294052124,123,,,,,,,,,
8299,,,,,,0.001,,,,,,,,
8299,0.6012841463088989,1.356945514678955,1.356945514678955,0.07449821382761002,123,,,,,,,,,
8307,,,,,123,,1.6680959463119507,0.5124273896217346,0.10802845656871796,1.6680959463119507,,,,
8308,,,,,,0.001,,,,,,,,
8349,,,,,,0.001,,,,,,,,
8349,0.6209316253662109,1.324995994567871,1.324995994567871,0.07982869446277618,124,,,,,,,,,
8374,,,,,124,,1.6408525705337524,0.5302895307540894,0.10719845443964005,1.6408525705337524,,,,
8375,,,,,,0.001,,,,,,,,
8399,,,,,,0.001,,,,,,,,
8399,0.6278622150421143,1.2665464878082275,1.2665464878082275,0.1028255745768547,125,,,,,,,,,
8441,,,,,125,,1.653504490852356,0.5128230452537537,0.10489159822463989,1.653504490852356,,,,
8442,,,,,,0.001,,,,,,,,
8449,,,,,,0.001,,,,,,,,
8449,0.6312587857246399,1.2880851030349731,1.2880851030349731,0.11139663308858871,126,,,,,,,,,
8499,,,,,,0.001,,,,,,,,
8499,0.6438966989517212,1.2610366344451904,1.2610366344451904,0.10609723627567291,126,,,,,,,,,
8508,,,,,126,,1.6524255275726318,0.5199588537216187,0.10458259284496307,1.6524255275726318,,,,
8509,,,,,,0.001,,,,,,,,
8549,,,,,,0.001,,,,,,,,
8549,0.6605925559997559,1.2637113332748413,1.2637113332748413,0.10366714000701904,127,,,,,,,,,
8575,,,,,127,,1.6126645803451538,0.5353567004203796,0.09901722520589828,1.6126645803451538,,,,
8576,,,,,,0.001,,,,,,,,
8599,,,,,,0.001,,,,,,,,
8599,0.6849995851516724,1.2485913038253784,1.2485913038253784,0.11451512575149536,128,,,,,,,,,
8642,,,,,128,,1.6506528854370117,0.5270195007324219,0.1139969676733017,1.6506528854370117,,,,
8643,,,,,,0.001,,,,,,,,
8649,,,,,,0.001,,,,,,,,
8649,0.669756293296814,1.2628178596496582,1.2628178596496582,0.12056165188550949,129,,,,,,,,,
8699,,,,,,0.001,,,,,,,,
8699,0.6814571619033813,1.3082549571990967,1.3082549571990967,0.14763131737709045,129,,,,,,,,,
8709,,,,,129,,1.7018327713012695,0.4941748082637787,0.10733126103878021,1.7018327713012695,,,,
8710,,,,,,0.001,,,,,,,,
8749,,,,,,0.001,,,,,,,,
8749,0.6824594736099243,1.2291780710220337,1.2291780710220337,0.13905134797096252,130,,,,,,,,,
8776,,,,,130,,1.678619623184204,0.5130725502967834,0.11181963235139847,1.678619623184204,,,,
8777,,,,,,0.001,,,,,,,,
8799,,,,,,0.001,,,,,,,,
8799,0.7330424189567566,1.1981672048568726,1.1981672048568726,0.19372223317623138,131,,,,,,,,,
8843,,,,,131,,1.6489391326904297,0.5389105081558228,0.11392843723297119,1.6489391326904297,,,,
8844,,,,,,0.001,,,,,,,,
8849,,,,,,0.001,,,,,,,,
8849,0.7061514854431152,1.2192628383636475,1.2192628383636475,0.16246680915355682,132,,,,,,,,,
8899,,,,,,0.001,,,,,,,,
8899,0.6798065900802612,1.2356325387954712,1.2356325387954712,0.10570918023586273,132,,,,,,,,,
8910,,,,,132,,1.6652467250823975,0.5104135870933533,0.09327103197574615,1.6652467250823975,,,,
8911,,,,,,0.001,,,,,,,,
8949,,,,,,0.001,,,,,,,,
8949,0.7281663417816162,1.145909070968628,1.145909070968628,0.15748395025730133,133,,,,,,,,,
8977,,,,,133,,1.670557975769043,0.5149145722389221,0.1149425208568573,1.670557975769043,,,,
8978,,,,,,0.001,,,,,,,,
8999,,,,,,0.001,,,,,,,,
8999,0.6395943760871887,1.2659730911254883,1.2659730911254883,0.08064661175012589,134,,,,,,,,,
9044,,,,,134,,1.6151310205459595,0.5452539920806885,0.1050085574388504,1.6151310205459595,,,,
9045,,,,,,0.001,,,,,,,,
9049,,,,,,0.001,,,,,,,,
9049,0.7043026685714722,1.2517333030700684,1.2517333030700684,0.1549587845802307,135,,,,,,,,,
9099,,,,,,0.001,,,,,,,,
9099,0.7214341163635254,1.1929855346679688,1.1929855346679688,0.1812850683927536,135,,,,,,,,,
9111,,,,,135,,1.6994855403900146,0.492355614900589,0.09760607033967972,1.6994855403900146,,,,
9112,,,,,,0.001,,,,,,,,
9149,,,,,,0.001,,,,,,,,
9149,0.6814084053039551,1.3122895956039429,1.3122895956039429,0.1557208001613617,136,,,,,,,,,
9178,,,,,136,,1.6602314710617065,0.5303356051445007,0.11351040750741959,1.6602314710617065,,,,
9179,,,,,,0.001,,,,,,,,
9199,,,,,,0.001,,,,,,,,
9199,0.7019867300987244,1.1930125951766968,1.1930125951766968,0.15808716416358948,137,,,,,,,,,
9245,,,,,137,,1.6723968982696533,0.50595623254776,0.09608355164527893,1.6723968982696533,,,,
9246,,,,,,0.001,,,,,,,,
9249,,,,,,0.001,,,,,,,,
9249,0.7066699266433716,1.2282599210739136,1.2282599210739136,0.15822620689868927,138,,,,,,,,,
9299,,,,,,0.001,,,,,,,,
9299,0.7051472663879395,1.22634756565094,1.22634756565094,0.15939606726169586,138,,,,,,,,,
9312,,,,,138,,1.6413605213165283,0.5196734070777893,0.0961059182882309,1.6413605213165283,,,,
9313,,,,,,0.001,,,,,,,,
9349,,,,,,0.001,,,,,,,,
9349,0.702865719795227,1.2395758628845215,1.2395758628845215,0.12196028232574463,139,,,,,,,,,
9379,,,,,139,,1.6488945484161377,0.48621323704719543,0.09137661755084991,1.6488945484161377,,,,
9380,,,,,,0.001,,,,,,,,
9399,,,,,,0.001,,,,,,,,
9399,0.7706342339515686,1.1806827783584595,1.1806827783584595,0.2591090798377991,140,,,,,,,,,
9446,,,,,140,,1.6578270196914673,0.507462739944458,0.09301844239234924,1.6578270196914673,,,,
9447,,,,,,0.001,,,,,,,,
9449,,,,,,0.001,,,,,,,,
9449,0.6685329675674438,1.209815502166748,1.209815502166748,0.11161957681179047,141,,,,,,,,,
9499,,,,,,0.001,,,,,,,,
9499,0.6538820862770081,1.1980130672454834,1.1980130672454834,0.12826372683048248,141,,,,,,,,,
9513,,,,,141,,1.6664628982543945,0.5384523868560791,0.12792202830314636,1.6664628982543945,,,,
9514,,,,,,0.001,,,,,,,,
9549,,,,,,0.001,,,,,,,,
9549,0.662708580493927,1.240842580795288,1.240842580795288,0.08996137231588364,142,,,,,,,,,
9580,,,,,142,,1.6746455430984497,0.5015590190887451,0.09827437251806259,1.6746455430984497,,,,
9581,,,,,,0.001,,,,,,,,
9599,,,,,,0.001,,,,,,,,
9599,0.6684631705284119,1.2140464782714844,1.2140464782714844,0.11494115740060806,143,,,,,,,,,
9647,,,,,143,,1.653786063194275,0.5080046653747559,0.09142787754535675,1.653786063194275,,,,
9648,,,,,,0.001,,,,,,,,
9649,,,,,,0.001,,,,,,,,
9649,0.6479633450508118,1.2427986860275269,1.2427986860275269,0.11536699533462524,144,,,,,,,,,
9699,,,,,,0.001,,,,,,,,
9699,0.691584587097168,1.2508666515350342,1.2508666515350342,0.1560831218957901,144,,,,,,,,,
9714,,,,,144,,1.7034887075424194,0.4841729700565338,0.0993252769112587,1.7034887075424194,,,,
9715,,,,,,0.001,,,,,,,,
9749,,,,,,0.001,,,,,,,,
9749,0.6896582841873169,1.2566156387329102,1.2566156387329102,0.09971926361322403,145,,,,,,,,,
9781,,,,,145,,1.6698247194290161,0.49899065494537354,0.08901800960302353,1.6698247194290161,,,,
9782,,,,,,0.001,,,,,,,,
9799,,,,,,0.001,,,,,,,,
9799,0.6840227246284485,1.2571464776992798,1.2571464776992798,0.14415419101715088,146,,,,,,,,,
9848,,,,,146,,1.5928281545639038,0.5234518647193909,0.09301192313432693,1.5928281545639038,,,,
9849,,,,,,0.001,,,,,,,,
9849,,,,,,0.001,,,,,,,,
9849,0.6677244305610657,1.243127703666687,1.243127703666687,0.1343376338481903,147,,,,,,,,,
9899,,,,,,0.001,,,,,,,,
9899,0.7112506031990051,1.2375819683074951,1.2375819683074951,0.1965116560459137,147,,,,,,,,,
9915,,,,,147,,1.6696721315383911,0.5066213011741638,0.10442090779542923,1.6696721315383911,,,,
9916,,,,,,0.001,,,,,,,,
9949,,,,,,0.001,,,,,,,,
9949,0.6224472522735596,1.3224282264709473,1.3224282264709473,0.09943374246358871,148,,,,,,,,,
9982,,,,,148,,1.6305382251739502,0.5342216491699219,0.11515550315380096,1.6305382251739502,,,,
9983,,,,,,0.001,,,,,,,,
9999,,,,,,0.001,,,,,,,,
9999,0.695928692817688,1.2079421281814575,1.2079421281814575,0.16897132992744446,149,,,,,,,,,
10049,,,,,,0.001,,,,,,,,
10049,0.7312995791435242,1.195745825767517,1.195745825767517,0.19180430471897125,149,,,,,,,,,
10049,,,,,149,,1.666449785232544,0.509174644947052,0.10010076314210892,1.666449785232544,,,,
10050,,,,,,0.001,,,,,,,,
10099,,,,,,0.001,,,,,,,,
10099,0.6915777921676636,1.3036344051361084,1.3036344051361084,0.18018798530101776,150,,,,,,,,,
10116,,,,,150,,1.6975764036178589,0.48886236548423767,0.09292571246623993,1.6975764036178589,,,,
10117,,,,,,0.001,,,,,,,,
10149,,,,,,0.001,,,,,,,,
10149,0.716537594795227,1.2229176759719849,1.2229176759719849,0.17382992804050446,151,,,,,,,,,
10183,,,,,151,,1.6455583572387695,0.5197670459747314,0.09967294335365295,1.6455583572387695,,,,
10184,,,,,,0.001,,,,,,,,
10199,,,,,,0.001,,,,,,,,
10199,0.6872069835662842,1.2436305284500122,1.2436305284500122,0.15298627316951752,152,,,,,,,,,
10249,,,,,,0.001,,,,,,,,
10249,0.6860336661338806,1.240333914756775,1.240333914756775,0.16327320039272308,152,,,,,,,,,
10250,,,,,152,,1.645728588104248,0.49997374415397644,0.09045106917619705,1.645728588104248,,,,
10251,,,,,,0.001,,,,,,,,
10299,,,,,,0.001,,,,,,,,
10299,0.6645885705947876,1.257561445236206,1.257561445236206,0.1122535839676857,153,,,,,,,,,
10317,,,,,153,,1.6561397314071655,0.500817596912384,0.07849730551242828,1.6561397314071655,,,,
10318,,,,,,0.001,,,,,,,,
10349,,,,,,0.001,,,,,,,,
10349,0.7146506309509277,1.223758578300476,1.223758578300476,0.18831828236579895,154,,,,,,,,,
10384,,,,,154,,1.6283289194107056,0.5195792317390442,0.08962105214595795,1.6283289194107056,,,,
10385,,,,,,0.001,,,,,,,,
10399,,,,,,0.001,,,,,,,,
10399,0.6476082801818848,1.2257245779037476,1.2257245779037476,0.09688417613506317,155,,,,,,,,,
10449,,,,,,0.001,,,,,,,,
10449,0.6604346632957458,1.2230536937713623,1.2230536937713623,0.11186642944812775,155,,,,,,,,,
10451,,,,,155,,1.7042335271835327,0.4795111417770386,0.09580904245376587,1.7042335271835327,,,,
10452,,,,,,0.001,,,,,,,,
10499,,,,,,0.001,,,,,,,,
10499,0.6377390027046204,1.2781661748886108,1.2781661748886108,0.07265114784240723,156,,,,,,,,,
10518,,,,,156,,1.6883180141448975,0.5230505466461182,0.12838387489318848,1.6883180141448975,,,,
10519,,,,,,0.001,,,,,,,,
10549,,,,,,0.001,,,,,,,,
10549,0.6722410321235657,1.228352427482605,1.228352427482605,0.10319556295871735,157,,,,,,,,,
10585,,,,,157,,1.7001054286956787,0.48528873920440674,0.09639858454465866,1.7001054286956787,,,,
10586,,,,,,0.001,,,,,,,,
10599,,,,,,0.001,,,,,,,,
10599,0.700209379196167,1.2065190076828003,1.2065190076828003,0.15880492329597473,158,,,,,,,,,
10649,,,,,,0.001,,,,,,,,
10649,0.7143926620483398,1.273465633392334,1.273465633392334,0.21183860301971436,158,,,,,,,,,
10652,,,,,158,,1.6793005466461182,0.5024752616882324,0.10272732377052307,1.6793005466461182,,,,
10653,,,,,,0.001,,,,,,,,
10699,,,,,,0.001,,,,,,,,
10699,0.7541333436965942,1.2032904624938965,1.2032904624938965,0.25124669075012207,159,,,,,,,,,
10719,,,,,159,,1.6502206325531006,0.525670051574707,0.10544010996818542,1.6502206325531006,,,,
10720,,,,,,0.001,,,,,,,,
10749,,,,,,0.001,,,,,,,,
10749,0.6954047679901123,1.253763198852539,1.253763198852539,0.17671656608581543,160,,,,,,,,,
10786,,,,,160,,1.6374894380569458,0.5374020934104919,0.1165708526968956,1.6374894380569458,,,,
10787,,,,,,0.001,,,,,,,,
10799,,,,,,0.001,,,,,,,,
10799,0.7077839970588684,1.2202430963516235,1.2202430963516235,0.1879437267780304,161,,,,,,,,,
10849,,,,,,0.001,,,,,,,,
10849,0.7051894068717957,1.229299783706665,1.229299783706665,0.17622026801109314,161,,,,,,,,,
10853,,,,,161,,1.6155019998550415,0.5193896889686584,0.08211745321750641,1.6155019998550415,,,,
10854,,,,,,0.001,,,,,,,,
10899,,,,,,0.001,,,,,,,,
10899,0.6432980895042419,1.3246886730194092,1.3246886730194092,0.12456565350294113,162,,,,,,,,,
10920,,,,,162,,1.5968422889709473,0.5516316294670105,0.09361124038696289,1.5968422889709473,,,,
10921,,,,,,0.001,,,,,,,,
10949,,,,,,0.001,,,,,,,,
10949,0.5756375193595886,1.2715044021606445,1.2715044021606445,0.04122249037027359,163,,,,,,,,,
10987,,,,,163,,1.663244366645813,0.49855509400367737,0.10157529264688492,1.663244366645813,,,,
10988,,,,,,0.001,,,,,,,,
10999,,,,,,0.001,,,,,,,,
10999,0.6462690830230713,1.2283515930175781,1.2283515930175781,0.11576756089925766,164,,,,,,,,,
11049,,,,,,0.001,,,,,,,,
11049,0.6027359962463379,1.3245055675506592,1.3245055675506592,0.06750350445508957,164,,,,,,,,,
11054,,,,,164,,1.5972622632980347,0.528198778629303,0.07991218566894531,1.5972622632980347,,,,
11055,,,,,,0.001,,,,,,,,
11099,,,,,,0.001,,,,,,,,
11099,0.7370264530181885,1.1762324571609497,1.1762324571609497,0.17384891211986542,165,,,,,,,,,
11121,,,,,165,,1.649368166923523,0.4987930357456207,0.08498775213956833,1.649368166923523,,,,
11122,,,,,,0.001,,,,,,,,
11149,,,,,,0.001,,,,,,,,
11149,0.7087527513504028,1.1834441423416138,1.1834441423416138,0.1465442180633545,166,,,,,,,,,
11188,,,,,166,,1.710640549659729,0.4798784554004669,0.09320065379142761,1.710640549659729,,,,
11189,,,,,,0.001,,,,,,,,
11199,,,,,,0.001,,,,,,,,
11199,0.5927859544754028,1.3826899528503418,1.3826899528503418,0.06370159238576889,167,,,,,,,,,
11249,,,,,,0.001,,,,,,,,
11249,0.7018314599990845,1.1933224201202393,1.1933224201202393,0.1434963494539261,167,,,,,,,,,
11255,,,,,167,,1.7111341953277588,0.48378875851631165,0.10752233862876892,1.7111341953277588,,,,
11256,,,,,,0.001,,,,,,,,
11299,,,,,,0.001,,,,,,,,
11299,0.6697484850883484,1.2737960815429688,1.2737960815429688,0.14756014943122864,168,,,,,,,,,
11322,,,,,168,,1.6345685720443726,0.5018671154975891,0.08058374375104904,1.6345685720443726,,,,
11323,,,,,,0.001,,,,,,,,
11349,,,,,,0.001,,,,,,,,
11349,0.740760087966919,1.2073209285736084,1.2073209285736084,0.21379774808883667,169,,,,,,,,,
11389,,,,,169,,1.6482899188995361,0.49889063835144043,0.08000818639993668,1.6482899188995361,,,,
11390,,,,,,0.001,,,,,,,,
11399,,,,,,0.001,,,,,,,,
11399,0.6390660405158997,1.2484949827194214,1.2484949827194214,0.08796238154172897,170,,,,,,,,,
11449,,,,,,0.001,,,,,,,,
11449,0.657512903213501,1.20062255859375,1.20062255859375,0.11697765439748764,170,,,,,,,,,
11456,,,,,170,,1.6567926406860352,0.5114020109176636,0.08815398812294006,1.6567926406860352,,,,
11457,,,,,,0.001,,,,,,,,
11499,,,,,,0.001,,,,,,,,
11499,0.6738004684448242,1.2310879230499268,1.2310879230499268,0.12269113212823868,171,,,,,,,,,
11523,,,,,171,,1.662967562675476,0.5108696222305298,0.09888254851102829,1.662967562675476,,,,
11524,,,,,,0.001,,,,,,,,
11549,,,,,,0.001,,,,,,,,
11549,0.6905514597892761,1.2511366605758667,1.2511366605758667,0.17036272585391998,172,,,,,,,,,
11590,,,,,172,,1.6467186212539673,0.49890512228012085,0.07951463758945465,1.6467186212539673,,,,
11591,,,,,,0.001,,,,,,,,
11599,,,,,,0.001,,,,,,,,
11599,0.6871879696846008,1.1707507371902466,1.1707507371902466,0.11612868309020996,173,,,,,,,,,
11649,,,,,,0.001,,,,,,,,
11649,0.6721371412277222,1.2260748147964478,1.2260748147964478,0.14388707280158997,173,,,,,,,,,
11657,,,,,173,,1.6885199546813965,0.47799938917160034,0.0832289382815361,1.6885199546813965,,,,
11658,,,,,,0.001,,,,,,,,
11699,,,,,,0.001,,,,,,,,
11699,0.6298149228096008,1.2514804601669312,1.2514804601669312,0.08822033554315567,174,,,,,,,,,
11724,,,,,174,,1.6776254177093506,0.4943416714668274,0.09489283710718155,1.6776254177093506,,,,
11725,,,,,,0.001,,,,,,,,
11749,,,,,,0.001,,,,,,,,
11749,0.599632978439331,1.321096658706665,1.321096658706665,0.07842711359262466,175,,,,,,,,,
11791,,,,,175,,1.6449413299560547,0.505959689617157,0.0849430114030838,1.6449413299560547,,,,
11792,,,,,,0.001,,,,,,,,
11799,,,,,,0.001,,,,,,,,
11799,0.6754729151725769,1.1954233646392822,1.1954233646392822,0.14294616878032684,176,,,,,,,,,
11849,,,,,,0.001,,,,,,,,
11849,0.6656531095504761,1.2533191442489624,1.2533191442489624,0.13840429484844208,176,,,,,,,,,
11858,,,,,176,,1.6525793075561523,0.49734359979629517,0.08576136827468872,1.6525793075561523,,,,
11859,,,,,,0.001,,,,,,,,
11899,,,,,,0.001,,,,,,,,
11899,0.6333358287811279,1.2980531454086304,1.2980531454086304,0.092070072889328,177,,,,,,,,,
11925,,,,,177,,1.6386152505874634,0.505603015422821,0.07673896104097366,1.6386152505874634,,,,
11926,,,,,,0.001,,,,,,,,
11949,,,,,,0.001,,,,,,,,
11949,0.597862720489502,1.260054588317871,1.260054588317871,0.056478600949048996,178,,,,,,,,,
11992,,,,,178,,1.6740286350250244,0.4928703308105469,0.08943463861942291,1.6740286350250244,,,,
11993,,,,,,0.001,,,,,,,,
11999,,,,,,0.001,,,,,,,,
11999,0.6762573719024658,1.2457295656204224,1.2457295656204224,0.14320987462997437,179,,,,,,,,,
12049,,,,,,0.001,,,,,,,,
12049,0.692919909954071,1.1800463199615479,1.1800463199615479,0.16202154755592346,179,,,,,,,,,
12059,,,,,179,,1.672196865081787,0.48442381620407104,0.07416878640651703,1.672196865081787,,,,
12060,,,,,,0.001,,,,,,,,
12099,,,,,,0.001,,,,,,,,
12099,0.6937355995178223,1.2470756769180298,1.2470756769180298,0.11478599160909653,180,,,,,,,,,
12126,,,,,180,,1.6325562000274658,0.48529893159866333,0.07422610372304916,1.6325562000274658,,,,
12127,,,,,,0.001,,,,,,,,
12149,,,,,,0.001,,,,,,,,
12149,0.6504110097885132,1.2300468683242798,1.2300468683242798,0.11232570558786392,181,,,,,,,,,
12193,,,,,181,,1.681548833847046,0.4764867424964905,0.06478612869977951,1.681548833847046,,,,
12194,,,,,,0.001,,,,,,,,
12199,,,,,,0.001,,,,,,,,
12199,0.6956650018692017,1.206400752067566,1.206400752067566,0.161956787109375,182,,,,,,,,,
12249,,,,,,0.001,,,,,,,,
12249,0.7007619738578796,1.1955500841140747,1.1955500841140747,0.17346349358558655,182,,,,,,,,,
12260,,,,,182,,1.6751823425292969,0.4916509687900543,0.08844432979822159,1.6751823425292969,,,,
12261,,,,,,0.001,,,,,,,,
12299,,,,,,0.001,,,,,,,,
12299,0.662496030330658,1.2092100381851196,1.2092100381851196,0.1168547198176384,183,,,,,,,,,
12327,,,,,183,,1.5946760177612305,0.5461716651916504,0.08894484490156174,1.5946760177612305,,,,
12328,,,,,,0.001,,,,,,,,
12349,,,,,,0.001,,,,,,,,
12349,0.6512445211410522,1.2732741832733154,1.2732741832733154,0.10727911442518234,184,,,,,,,,,
12394,,,,,184,,1.6433202028274536,0.515675961971283,0.08469414710998535,1.6433202028274536,,,,
12395,,,,,,0.001,,,,,,,,
12399,,,,,,0.001,,,,,,,,
12399,0.6617591381072998,1.2806693315505981,1.2806693315505981,0.1412571370601654,185,,,,,,,,,
12449,,,,,,0.001,,,,,,,,
12449,0.6917443871498108,1.2026599645614624,1.2026599645614624,0.14983589947223663,185,,,,,,,,,
12461,,,,,185,,1.6617131233215332,0.490640252828598,0.08920908719301224,1.6617131233215332,,,,
12462,,,,,,0.001,,,,,,,,
12499,,,,,,0.001,,,,,,,,
12499,0.6725667715072632,1.2408874034881592,1.2408874034881592,0.15364982187747955,186,,,,,,,,,
12528,,,,,186,,1.6902631521224976,0.47974807024002075,0.087535560131073,1.6902631521224976,,,,
12529,,,,,,0.001,,,,,,,,
12549,,,,,,0.001,,,,,,,,
12549,0.7363705635070801,1.1814194917678833,1.1814194917678833,0.20491884648799896,187,,,,,,,,,
12595,,,,,187,,1.671854853630066,0.487483412027359,0.07214665412902832,1.671854853630066,,,,
12596,,,,,,0.001,,,,,,,,
12599,,,,,,0.001,,,,,,,,
12599,0.6668579578399658,1.2643910646438599,1.2643910646438599,0.12542663514614105,188,,,,,,,,,
12649,,,,,,0.001,,,,,,,,
12649,0.5834535360336304,1.2714784145355225,1.2714784145355225,0.07196122407913208,188,,,,,,,,,
12662,,,,,188,,1.635253667831421,0.5022795796394348,0.06897716969251633,1.635253667831421,,,,
12663,,,,,,0.001,,,,,,,,
12699,,,,,,0.001,,,,,,,,
12699,0.6073346734046936,1.3310626745224,1.3310626745224,0.07977411150932312,189,,,,,,,,,
12729,,,,,189,,1.719313383102417,0.4736635386943817,0.09295040369033813,1.719313383102417,,,,
12730,,,,,,0.001,,,,,,,,
12749,,,,,,0.001,,,,,,,,
12749,0.6873916387557983,1.288935899734497,1.288935899734497,0.1598159372806549,190,,,,,,,,,
12796,,,,,190,,1.6806488037109375,0.49224546551704407,0.09159564226865768,1.6806488037109375,,,,
12797,,,,,,0.001,,,,,,,,
12799,,,,,,0.001,,,,,,,,
12799,0.6426711082458496,1.2867408990859985,1.2867408990859985,0.12121101468801498,191,,,,,,,,,
12849,,,,,,0.001,,,,,,,,
12849,0.6858483552932739,1.22752845287323,1.22752845287323,0.11349175125360489,191,,,,,,,,,
12863,,,,,191,,1.6601024866104126,0.5126537084579468,0.0934271514415741,1.6601024866104126,,,,
12864,,,,,,0.001,,,,,,,,
12899,,,,,,0.001,,,,,,,,
12899,0.663448691368103,1.3135707378387451,1.3135707378387451,0.13177300989627838,192,,,,,,,,,
12930,,,,,192,,1.67223060131073,0.5032930374145508,0.09152527153491974,1.67223060131073,,,,
12931,,,,,193,,,,,,1.8691288232803345,0.07692597806453705,1.8691288232803345,0.5026588439941406
