train/loss/node_label,epoch,train/loss/total,step,train/node_label/accuracy,lr-Adam,train/node_label/f1_score,val/node_label/f1_score,val/node_label/accuracy,val/loss/total,val/loss/node_label,test/loss/total,test/loss/node_label,test/node_label/f1_score,test/node_label/accuracy
,,,0,,0.001,,,,,,,,,
,,,49,,0.001,,,,,,,,,
1.2910057306289673,0,1.2910057306289673,49,0.8178620934486389,,0.8178620934486389,,,,,,,,
,0,,66,,,,0.8121666312217712,0.8121666312217712,1.3079874515533447,1.3079874515533447,,,,
,,,67,,0.001,,,,,,,,,
,,,99,,0.001,,,,,,,,,
1.3063960075378418,1,1.3063960075378418,99,0.8123273849487305,,0.8123273849487305,,,,,,,,
,1,,133,,,,0.7787607908248901,0.7787607908248901,1.3079874515533447,1.3079874515533447,,,,
,,,134,,0.001,,,,,,,,,
,,,149,,0.001,,,,,,,,,
1.3618817329406738,2,1.3618817329406738,149,0.6497372388839722,,0.6497372388839722,,,,,,,,
,,,199,,0.001,,,,,,,,,
1.2878628969192505,2,1.2878628969192505,199,0.1618380844593048,,0.1618380844593048,,,,,,,,
,2,,200,,,,0.15623265504837036,0.15623265504837036,1.3079874515533447,1.3079874515533447,,,,
,,,201,,0.001,,,,,,,,,
,,,249,,0.001,,,,,,,,,
1.2903492450714111,3,1.2903492450714111,249,0.14432650804519653,,0.14432650804519653,,,,,,,,
,3,,267,,,,0.054711878299713135,0.054711878299713135,1.308000087738037,1.308000087738037,,,,
,,,268,,0.001,,,,,,,,,
,,,299,,0.001,,,,,,,,,
1.3024121522903442,4,1.3024121522903442,299,0.11004913598299026,,0.11004913598299026,,,,,,,,
,4,,334,,,,0.0008425887790508568,0.0008425887790508568,1.3151750564575195,1.3151750564575195,,,,
,,,335,,0.001,,,,,,,,,
,,,349,,0.001,,,,,,,,,
1.2620817422866821,5,1.2620817422866821,349,0.0,,0.0,,,,,,,,
,,,399,,0.001,,,,,,,,,
1.3047327995300293,5,1.3047327995300293,399,0.0,,0.0,,,,,,,,
,5,,401,,,,0.0,0.0,1.3379944562911987,1.3379944562911987,,,,
,,,402,,0.001,,,,,,,,,
,,,449,,0.001,,,,,,,,,
1.2675542831420898,6,1.2675542831420898,449,0.09257959574460983,,0.09257959574460983,,,,,,,,
,6,,468,,,,0.055041830986738205,0.055041830986738205,1.5864099264144897,1.5864099264144897,,,,
,,,469,,0.001,,,,,,,,,
,,,499,,0.001,,,,,,,,,
1.2128404378890991,7,1.2128404378890991,499,0.11238668113946915,,0.11238668113946915,,,,,,,,
,7,,535,,,,0.04812169447541237,0.04812169447541237,1.6422603130340576,1.6422603130340576,,,,
,,,536,,0.001,,,,,,,,,
,,,549,,0.001,,,,,,,,,
1.2916803359985352,8,1.2916803359985352,549,0.08916356414556503,,0.08916356414556503,,,,,,,,
,,,599,,0.001,,,,,,,,,
1.2085449695587158,8,1.2085449695587158,599,0.17641067504882812,,0.17641067504882812,,,,,,,,
,8,,602,,,,0.1207604855298996,0.1207604855298996,1.563742756843567,1.563742756843567,,,,
,,,603,,0.001,,,,,,,,,
,,,649,,0.001,,,,,,,,,
1.320868968963623,9,1.320868968963623,649,0.13917887210845947,,0.13917887210845947,,,,,,,,
,9,,669,,,,0.05512058734893799,0.05512058734893799,1.6292928457260132,1.6292928457260132,,,,
,,,670,,0.001,,,,,,,,,
,,,699,,0.001,,,,,,,,,
1.3072173595428467,10,1.3072173595428467,699,0.16023406386375427,,0.16023406386375427,,,,,,,,
,10,,736,,,,0.04351169243454933,0.04351169243454933,1.6169389486312866,1.6169389486312866,,,,
,,,737,,0.001,,,,,,,,,
,,,749,,0.001,,,,,,,,,
1.1978464126586914,11,1.1978464126586914,749,0.10239385068416595,,0.10239385068416595,,,,,,,,
,,,799,,0.001,,,,,,,,,
1.307205319404602,11,1.307205319404602,799,0.09428025037050247,,0.09428025037050247,,,,,,,,
,11,,803,,,,0.04213596135377884,0.04213596135377884,1.6304097175598145,1.6304097175598145,,,,
,,,804,,0.001,,,,,,,,,
,,,849,,0.001,,,,,,,,,
1.259777545928955,12,1.259777545928955,849,0.056384265422821045,,0.056384265422821045,,,,,,,,
,12,,870,,,,0.03668849170207977,0.03668849170207977,1.556291937828064,1.556291937828064,,,,
,,,871,,0.001,,,,,,,,,
,,,899,,0.001,,,,,,,,,
1.2551910877227783,13,1.2551910877227783,899,0.07041636109352112,,0.07041636109352112,,,,,,,,
,13,,937,,,,0.07361467182636261,0.07361467182636261,1.579766035079956,1.579766035079956,,,,
,,,938,,0.001,,,,,,,,,
,,,949,,0.001,,,,,,,,,
1.2629148960113525,14,1.2629148960113525,949,0.17843659222126007,,0.17843659222126007,,,,,,,,
,,,999,,0.001,,,,,,,,,
1.259487271308899,14,1.259487271308899,999,0.08402711898088455,,0.08402711898088455,,,,,,,,
,14,,1004,,,,0.08531397581100464,0.08531397581100464,1.6570323705673218,1.6570323705673218,,,,
,,,1005,,0.001,,,,,,,,,
,,,1049,,0.001,,,,,,,,,
1.242558479309082,15,1.242558479309082,1049,0.16604354977607727,,0.16604354977607727,,,,,,,,
,15,,1071,,,,0.0444558747112751,0.0444558747112751,1.617536187171936,1.617536187171936,,,,
,,,1072,,0.001,,,,,,,,,
,,,1099,,0.001,,,,,,,,,
1.2544831037521362,16,1.2544831037521362,1099,0.11705932766199112,,0.11705932766199112,,,,,,,,
,16,,1138,,,,0.05815400928258896,0.05815400928258896,1.6481642723083496,1.6481642723083496,,,,
,,,1139,,0.001,,,,,,,,,
,,,1149,,0.001,,,,,,,,,
1.2258243560791016,17,1.2258243560791016,1149,0.14872296154499054,,0.14872296154499054,,,,,,,,
,,,1199,,0.001,,,,,,,,,
1.20969557762146,17,1.20969557762146,1199,0.090843565762043,,0.090843565762043,,,,,,,,
,17,,1205,,,,0.059782326221466064,0.059782326221466064,1.627646803855896,1.627646803855896,,,,
,,,1206,,0.001,,,,,,,,,
,,,1249,,0.001,,,,,,,,,
1.256983995437622,18,1.256983995437622,1249,0.10043985396623611,,0.10043985396623611,,,,,,,,
,18,,1272,,,,0.1398371160030365,0.1398371160030365,1.6844252347946167,1.6844252347946167,,,,
,,,1273,,0.001,,,,,,,,,
,,,1299,,0.001,,,,,,,,,
1.2645877599716187,19,1.2645877599716187,1299,0.13691572844982147,,0.13691572844982147,,,,,,,,
,19,,1339,,,,0.06836619973182678,0.06836619973182678,1.627703070640564,1.627703070640564,,,,
,,,1340,,0.001,,,,,,,,,
,,,1349,,0.001,,,,,,,,,
1.2631570100784302,20,1.2631570100784302,1349,0.11687806248664856,,0.11687806248664856,,,,,,,,
,,,1399,,0.001,,,,,,,,,
1.3085201978683472,20,1.3085201978683472,1399,0.08309687674045563,,0.08309687674045563,,,,,,,,
,20,,1406,,,,0.08583080768585205,0.08583080768585205,1.620117425918579,1.620117425918579,,,,
,,,1407,,0.001,,,,,,,,,
,,,1449,,0.001,,,,,,,,,
1.2813621759414673,21,1.2813621759414673,1449,0.1750764101743698,,0.1750764101743698,,,,,,,,
,21,,1473,,,,0.057034123688936234,0.057034123688936234,1.6228947639465332,1.6228947639465332,,,,
,,,1474,,0.001,,,,,,,,,
,,,1499,,0.001,,,,,,,,,
1.2275350093841553,22,1.2275350093841553,1499,0.16498823463916779,,0.16498823463916779,,,,,,,,
,22,,1540,,,,0.1010761708021164,0.1010761708021164,1.5837093591690063,1.5837093591690063,,,,
,,,1541,,0.001,,,,,,,,,
,,,1549,,0.001,,,,,,,,,
1.2762199640274048,23,1.2762199640274048,1549,0.1707589328289032,,0.1707589328289032,,,,,,,,
,,,1599,,0.001,,,,,,,,,
1.3099830150604248,23,1.3099830150604248,1599,0.12365096062421799,,0.12365096062421799,,,,,,,,
,23,,1607,,,,0.08319772034883499,0.08319772034883499,1.6656560897827148,1.6656560897827148,,,,
,,,1608,,0.001,,,,,,,,,
,,,1649,,0.001,,,,,,,,,
1.2457610368728638,24,1.2457610368728638,1649,0.13826163113117218,,0.13826163113117218,,,,,,,,
,24,,1674,,,,0.10160978138446808,0.10160978138446808,1.6623939275741577,1.6623939275741577,,,,
,,,1675,,0.001,,,,,,,,,
,,,1699,,0.001,,,,,,,,,
1.231910228729248,25,1.231910228729248,1699,0.15356430411338806,,0.15356430411338806,,,,,,,,
,25,,1741,,,,0.09513936191797256,0.09513936191797256,1.6715288162231445,1.6715288162231445,,,,
,,,1742,,0.001,,,,,,,,,
,,,1749,,0.001,,,,,,,,,
1.244400978088379,26,1.244400978088379,1749,0.17217856645584106,,0.17217856645584106,,,,,,,,
,,,1799,,0.001,,,,,,,,,
1.277706265449524,26,1.277706265449524,1799,0.08441276103258133,,0.08441276103258133,,,,,,,,
,26,,1808,,,,0.1046152114868164,0.1046152114868164,1.6869513988494873,1.6869513988494873,,,,
,,,1809,,0.001,,,,,,,,,
,,,1849,,0.001,,,,,,,,,
1.2745362520217896,27,1.2745362520217896,1849,0.17369283735752106,,0.17369283735752106,,,,,,,,
,27,,1875,,,,0.10824327915906906,0.10824327915906906,1.6352941989898682,1.6352941989898682,,,,
,,,1876,,0.001,,,,,,,,,
,,,1899,,0.001,,,,,,,,,
1.224936842918396,28,1.224936842918396,1899,0.17366795241832733,,0.17366795241832733,,,,,,,,
,28,,1942,,,,0.11517275124788284,0.11517275124788284,1.7048754692077637,1.7048754692077637,,,,
,,,1943,,0.001,,,,,,,,,
,,,1949,,0.001,,,,,,,,,
1.2642990350723267,29,1.2642990350723267,1949,0.1548013538122177,,0.1548013538122177,,,,,,,,
,,,1999,,0.001,,,,,,,,,
1.197708249092102,29,1.197708249092102,1999,0.17941619455814362,,0.17941619455814362,,,,,,,,
,29,,2009,,,,0.09608634561300278,0.09608634561300278,1.6558873653411865,1.6558873653411865,,,,
,,,2010,,0.001,,,,,,,,,
,,,2049,,0.001,,,,,,,,,
1.224071741104126,30,1.224071741104126,2049,0.1695292890071869,,0.1695292890071869,,,,,,,,
,30,,2076,,,,0.10340633243322372,0.10340633243322372,1.6574751138687134,1.6574751138687134,,,,
,,,2077,,0.001,,,,,,,,,
,,,2099,,0.001,,,,,,,,,
1.24378502368927,31,1.24378502368927,2099,0.1103978306055069,,0.1103978306055069,,,,,,,,
,31,,2143,,,,0.13628827035427094,0.13628827035427094,1.6596248149871826,1.6596248149871826,,,,
,,,2144,,0.001,,,,,,,,,
,,,2149,,0.001,,,,,,,,,
1.2050186395645142,32,1.2050186395645142,2149,0.153739333152771,,0.153739333152771,,,,,,,,
,,,2199,,0.001,,,,,,,,,
1.2286229133605957,32,1.2286229133605957,2199,0.1590147614479065,,0.1590147614479065,,,,,,,,
,32,,2210,,,,0.09952986985445023,0.09952986985445023,1.685690999031067,1.685690999031067,,,,
,,,2211,,0.001,,,,,,,,,
,,,2249,,0.001,,,,,,,,,
1.2292759418487549,33,1.2292759418487549,2249,0.1666785329580307,,0.1666785329580307,,,,,,,,
,33,,2277,,,,0.10292725265026093,0.10292725265026093,1.6654319763183594,1.6654319763183594,,,,
,,,2278,,0.001,,,,,,,,,
,,,2299,,0.001,,,,,,,,,
1.318301796913147,34,1.318301796913147,2299,0.1914634108543396,,0.1914634108543396,,,,,,,,
,34,,2344,,,,0.08159130811691284,0.08159130811691284,1.6629257202148438,1.6629257202148438,,,,
,,,2345,,0.001,,,,,,,,,
,,,2349,,0.001,,,,,,,,,
1.242754340171814,35,1.242754340171814,2349,0.15533319115638733,,0.15533319115638733,,,,,,,,
,,,2399,,0.001,,,,,,,,,
1.2603271007537842,35,1.2603271007537842,2399,0.1836891770362854,,0.1836891770362854,,,,,,,,
,35,,2411,,,,0.12561236321926117,0.12561236321926117,1.6696542501449585,1.6696542501449585,,,,
,,,2412,,0.001,,,,,,,,,
,,,2449,,0.001,,,,,,,,,
1.1967023611068726,36,1.1967023611068726,2449,0.1312490850687027,,0.1312490850687027,,,,,,,,
,36,,2478,,,,0.12004326283931732,0.12004326283931732,1.6710188388824463,1.6710188388824463,,,,
,,,2479,,0.001,,,,,,,,,
,,,2499,,0.001,,,,,,,,,
1.2479825019836426,37,1.2479825019836426,2499,0.14373427629470825,,0.14373427629470825,,,,,,,,
,37,,2545,,,,0.11806683242321014,0.11806683242321014,1.668076753616333,1.668076753616333,,,,
,,,2546,,0.001,,,,,,,,,
,,,2549,,0.001,,,,,,,,,
1.2010538578033447,38,1.2010538578033447,2549,0.23563934862613678,,0.23563934862613678,,,,,,,,
,,,2599,,0.001,,,,,,,,,
1.3143105506896973,38,1.3143105506896973,2599,0.1435299813747406,,0.1435299813747406,,,,,,,,
,38,,2612,,,,0.13395532965660095,0.13395532965660095,1.55563485622406,1.55563485622406,,,,
,,,2613,,0.001,,,,,,,,,
,,,2649,,0.001,,,,,,,,,
1.2233003377914429,39,1.2233003377914429,2649,0.15730619430541992,,0.15730619430541992,,,,,,,,
,39,,2679,,,,0.11297305673360825,0.11297305673360825,1.6829023361206055,1.6829023361206055,,,,
,,,2680,,0.001,,,,,,,,,
,,,2699,,0.001,,,,,,,,,
1.2318694591522217,40,1.2318694591522217,2699,0.20986993610858917,,0.20986993610858917,,,,,,,,
,40,,2746,,,,0.08478827774524689,0.08478827774524689,1.588846206665039,1.588846206665039,,,,
,,,2747,,0.001,,,,,,,,,
,,,2749,,0.001,,,,,,,,,
1.2204782962799072,41,1.2204782962799072,2749,0.11155835539102554,,0.11155835539102554,,,,,,,,
,,,2799,,0.001,,,,,,,,,
1.3050940036773682,41,1.3050940036773682,2799,0.10036762803792953,,0.10036762803792953,,,,,,,,
,41,,2813,,,,0.12749142944812775,0.12749142944812775,1.6697516441345215,1.6697516441345215,,,,
,,,2814,,0.001,,,,,,,,,
,,,2849,,0.001,,,,,,,,,
1.319743275642395,42,1.319743275642395,2849,0.2366902083158493,,0.2366902083158493,,,,,,,,
,42,,2880,,,,0.10136371105909348,0.10136371105909348,1.6631927490234375,1.6631927490234375,,,,
,,,2881,,0.001,,,,,,,,,
,,,2899,,0.001,,,,,,,,,
1.2187631130218506,43,1.2187631130218506,2899,0.22938519716262817,,0.22938519716262817,,,,,,,,
,43,,2947,,,,0.10713925957679749,0.10713925957679749,1.631395936012268,1.631395936012268,,,,
,,,2948,,0.001,,,,,,,,,
,,,2949,,0.001,,,,,,,,,
1.4196721315383911,44,1.4196721315383911,2949,0.06984487175941467,,0.06984487175941467,,,,,,,,
,,,2999,,0.001,,,,,,,,,
1.2022571563720703,44,1.2022571563720703,2999,0.19584044814109802,,0.19584044814109802,,,,,,,,
,44,,3014,,,,0.11817259341478348,0.11817259341478348,1.6560591459274292,1.6560591459274292,,,,
,,,3015,,0.001,,,,,,,,,
,,,3049,,0.001,,,,,,,,,
1.236004114151001,45,1.236004114151001,3049,0.11762556433677673,,0.11762556433677673,,,,,,,,
,45,,3081,,,,0.10688666254281998,0.10688666254281998,1.5777225494384766,1.5777225494384766,,,,
,,,3082,,0.001,,,,,,,,,
,,,3099,,0.001,,,,,,,,,
1.340398907661438,46,1.340398907661438,3099,0.2502110004425049,,0.2502110004425049,,,,,,,,
,46,,3148,,,,0.11801136285066605,0.11801136285066605,1.6420432329177856,1.6420432329177856,,,,
,,,3149,,0.001,,,,,,,,,
,,,3149,,0.001,,,,,,,,,
1.274362564086914,47,1.274362564086914,3149,0.11880548298358917,,0.11880548298358917,,,,,,,,
,,,3199,,0.001,,,,,,,,,
1.2009745836257935,47,1.2009745836257935,3199,0.07908274978399277,,0.07908274978399277,,,,,,,,
,47,,3215,,,,0.1335023045539856,0.1335023045539856,1.6307905912399292,1.6307905912399292,,,,
,,,3216,,0.001,,,,,,,,,
,,,3249,,0.001,,,,,,,,,
1.2848765850067139,48,1.2848765850067139,3249,0.14391718804836273,,0.14391718804836273,,,,,,,,
,48,,3282,,,,0.11822620034217834,0.11822620034217834,1.6417474746704102,1.6417474746704102,,,,
,,,3283,,0.001,,,,,,,,,
,,,3299,,0.001,,,,,,,,,
1.2296010255813599,49,1.2296010255813599,3299,0.1952294558286667,,0.1952294558286667,,,,,,,,
,,,3349,,0.001,,,,,,,,,
1.299782156944275,49,1.299782156944275,3349,0.11496004462242126,,0.11496004462242126,,,,,,,,
,49,,3349,,,,0.1201094463467598,0.1201094463467598,1.7160934209823608,1.7160934209823608,,,,
,,,3350,,0.001,,,,,,,,,
,,,3399,,0.001,,,,,,,,,
1.2569507360458374,50,1.2569507360458374,3399,0.21673987805843353,,0.21673987805843353,,,,,,,,
,50,,3416,,,,0.10592666268348694,0.10592666268348694,1.6410671472549438,1.6410671472549438,,,,
,,,3417,,0.001,,,,,,,,,
,,,3449,,0.001,,,,,,,,,
1.1971381902694702,51,1.1971381902694702,3449,0.19095003604888916,,0.19095003604888916,,,,,,,,
,51,,3483,,,,0.1240353137254715,0.1240353137254715,1.6960997581481934,1.6960997581481934,,,,
,,,3484,,0.001,,,,,,,,,
,,,3499,,0.001,,,,,,,,,
1.1767594814300537,52,1.1767594814300537,3499,0.31132060289382935,,0.31132060289382935,,,,,,,,
,,,3549,,0.001,,,,,,,,,
1.2800488471984863,52,1.2800488471984863,3549,0.11076778173446655,,0.11076778173446655,,,,,,,,
,52,,3550,,,,0.12242750823497772,0.12242750823497772,1.671218991279602,1.671218991279602,,,,
,,,3551,,0.001,,,,,,,,,
,,,3599,,0.001,,,,,,,,,
1.3037643432617188,53,1.3037643432617188,3599,0.11220002919435501,,0.11220002919435501,,,,,,,,
,53,,3617,,,,0.11744511872529984,0.11744511872529984,1.5839016437530518,1.5839016437530518,,,,
,,,3618,,0.001,,,,,,,,,
,,,3649,,0.001,,,,,,,,,
1.1946520805358887,54,1.1946520805358887,3649,0.13734294474124908,,0.13734294474124908,,,,,,,,
,54,,3684,,,,0.12689068913459778,0.12689068913459778,1.6997880935668945,1.6997880935668945,,,,
,,,3685,,0.001,,,,,,,,,
,,,3699,,0.001,,,,,,,,,
1.3318239450454712,55,1.3318239450454712,3699,0.18965160846710205,,0.18965160846710205,,,,,,,,
,,,3749,,0.001,,,,,,,,,
1.283838152885437,55,1.283838152885437,3749,0.16433806717395782,,0.16433806717395782,,,,,,,,
,55,,3751,,,,0.13283215463161469,0.13283215463161469,1.6897077560424805,1.6897077560424805,,,,
,,,3752,,0.001,,,,,,,,,
,,,3799,,0.001,,,,,,,,,
1.3741036653518677,56,1.3741036653518677,3799,0.09814605861902237,,0.09814605861902237,,,,,,,,
,56,,3818,,,,0.1309596300125122,0.1309596300125122,1.652819037437439,1.652819037437439,,,,
,,,3819,,0.001,,,,,,,,,
,,,3849,,0.001,,,,,,,,,
1.3123881816864014,57,1.3123881816864014,3849,0.1251702755689621,,0.1251702755689621,,,,,,,,
,57,,3885,,,,0.14145611226558685,0.14145611226558685,1.6541836261749268,1.6541836261749268,,,,
,,,3886,,0.001,,,,,,,,,
,,,3899,,0.001,,,,,,,,,
1.2751224040985107,58,1.2751224040985107,3899,0.09947121143341064,,0.09947121143341064,,,,,,,,
,,,3949,,0.001,,,,,,,,,
1.1912699937820435,58,1.1912699937820435,3949,0.2537071704864502,,0.2537071704864502,,,,,,,,
,58,,3952,,,,0.11142071336507797,0.11142071336507797,1.657554030418396,1.657554030418396,,,,
,,,3953,,0.001,,,,,,,,,
,,,3999,,0.001,,,,,,,,,
1.1930047273635864,59,1.1930047273635864,3999,0.2126002311706543,,0.2126002311706543,,,,,,,,
,59,,4019,,,,0.1311563104391098,0.1311563104391098,1.6914609670639038,1.6914609670639038,,,,
,,,4020,,0.001,,,,,,,,,
,,,4049,,0.001,,,,,,,,,
1.301601767539978,60,1.301601767539978,4049,0.18829123675823212,,0.18829123675823212,,,,,,,,
,60,,4086,,,,0.10255023837089539,0.10255023837089539,1.6290290355682373,1.6290290355682373,,,,
,,,4087,,0.001,,,,,,,,,
,,,4099,,0.001,,,,,,,,,
1.216498851776123,61,1.216498851776123,4099,0.19710193574428558,,0.19710193574428558,,,,,,,,
,,,4149,,0.001,,,,,,,,,
1.1991828680038452,61,1.1991828680038452,4149,0.13756071031093597,,0.13756071031093597,,,,,,,,
,61,,4153,,,,0.12867841124534607,0.12867841124534607,1.685624122619629,1.685624122619629,,,,
,,,4154,,0.001,,,,,,,,,
,,,4199,,0.001,,,,,,,,,
1.2629132270812988,62,1.2629132270812988,4199,0.15576167404651642,,0.15576167404651642,,,,,,,,
,62,,4220,,,,0.11143981665372849,0.11143981665372849,1.681623935699463,1.681623935699463,,,,
,,,4221,,0.001,,,,,,,,,
,,,4249,,0.001,,,,,,,,,
1.216497778892517,63,1.216497778892517,4249,0.2016153782606125,,0.2016153782606125,,,,,,,,
,63,,4287,,,,0.09537283331155777,0.09537283331155777,1.6301168203353882,1.6301168203353882,,,,
,,,4288,,0.001,,,,,,,,,
,,,4299,,0.001,,,,,,,,,
1.2828186750411987,64,1.2828186750411987,4299,0.11559736728668213,,0.11559736728668213,,,,,,,,
,,,4349,,0.001,,,,,,,,,
1.2812961339950562,64,1.2812961339950562,4349,0.11359907686710358,,0.11359907686710358,,,,,,,,
,64,,4354,,,,0.12880843877792358,0.12880843877792358,1.7189934253692627,1.7189934253692627,,,,
,,,4355,,0.001,,,,,,,,,
,,,4399,,0.001,,,,,,,,,
1.1987416744232178,65,1.1987416744232178,4399,0.14225782454013824,,0.14225782454013824,,,,,,,,
,65,,4421,,,,0.11828819662332535,0.11828819662332535,1.6769895553588867,1.6769895553588867,,,,
,,,4422,,0.001,,,,,,,,,
,,,4449,,0.001,,,,,,,,,
1.187881588935852,66,1.187881588935852,4449,0.18568852543830872,,0.18568852543830872,,,,,,,,
,66,,4488,,,,0.1228371411561966,0.1228371411561966,1.6897481679916382,1.6897481679916382,,,,
,,,4489,,0.001,,,,,,,,,
,,,4499,,0.001,,,,,,,,,
1.2699775695800781,67,1.2699775695800781,4499,0.1768570989370346,,0.1768570989370346,,,,,,,,
,,,4549,,0.001,,,,,,,,,
1.271662712097168,67,1.271662712097168,4549,0.1476985365152359,,0.1476985365152359,,,,,,,,
,67,,4555,,,,0.11634575575590134,0.11634575575590134,1.6733365058898926,1.6733365058898926,,,,
,,,4556,,0.001,,,,,,,,,
,,,4599,,0.001,,,,,,,,,
1.1723991632461548,68,1.1723991632461548,4599,0.23573988676071167,,0.23573988676071167,,,,,,,,
,68,,4622,,,,0.12144044786691666,0.12144044786691666,1.582372784614563,1.582372784614563,,,,
,,,4623,,0.001,,,,,,,,,
,,,4649,,0.001,,,,,,,,,
1.196452260017395,69,1.196452260017395,4649,0.16137684881687164,,0.16137684881687164,,,,,,,,
,69,,4689,,,,0.13192243874073029,0.13192243874073029,1.5911204814910889,1.5911204814910889,,,,
,,,4690,,0.001,,,,,,,,,
,,,4699,,0.001,,,,,,,,,
1.2357059717178345,70,1.2357059717178345,4699,0.20823614299297333,,0.20823614299297333,,,,,,,,
,,,4749,,0.001,,,,,,,,,
1.2236535549163818,70,1.2236535549163818,4749,0.10524389892816544,,0.10524389892816544,,,,,,,,
,70,,4756,,,,0.12194748967885971,0.12194748967885971,1.6268987655639648,1.6268987655639648,,,,
,,,4757,,0.001,,,,,,,,,
,,,4799,,0.001,,,,,,,,,
1.2465829849243164,71,1.2465829849243164,4799,0.12507376074790955,,0.12507376074790955,,,,,,,,
,71,,4823,,,,0.11994774639606476,0.11994774639606476,1.698089361190796,1.698089361190796,,,,
,,,4824,,0.001,,,,,,,,,
,,,4849,,0.001,,,,,,,,,
1.254521131515503,72,1.254521131515503,4849,0.2731858491897583,,0.2731858491897583,,,,,,,,
,72,,4890,,,,0.12380881607532501,0.12380881607532501,1.6811398267745972,1.6811398267745972,,,,
,,,4891,,0.001,,,,,,,,,
,,,4899,,0.001,,,,,,,,,
1.2416863441467285,73,1.2416863441467285,4899,0.11488290131092072,,0.11488290131092072,,,,,,,,
,,,4949,,0.001,,,,,,,,,
1.25021231174469,73,1.25021231174469,4949,0.1184137687087059,,0.1184137687087059,,,,,,,,
,73,,4957,,,,0.11682157218456268,0.11682157218456268,1.6420878171920776,1.6420878171920776,,,,
,,,4958,,0.001,,,,,,,,,
,,,4999,,0.001,,,,,,,,,
1.2551827430725098,74,1.2551827430725098,4999,0.18120434880256653,,0.18120434880256653,,,,,,,,
,74,,5024,,,,0.10370507091283798,0.10370507091283798,1.6199827194213867,1.6199827194213867,,,,
,,,5025,,0.001,,,,,,,,,
,,,5049,,0.001,,,,,,,,,
1.160605549812317,75,1.160605549812317,5049,0.1981624960899353,,0.1981624960899353,,,,,,,,
,75,,5091,,,,0.1439964473247528,0.1439964473247528,1.6865512132644653,1.6865512132644653,,,,
,,,5092,,0.001,,,,,,,,,
,,,5099,,0.001,,,,,,,,,
1.2827479839324951,76,1.2827479839324951,5099,0.176534965634346,,0.176534965634346,,,,,,,,
,,,5149,,0.001,,,,,,,,,
1.3253467082977295,76,1.3253467082977295,5149,0.1257738471031189,,0.1257738471031189,,,,,,,,
,76,,5158,,,,0.11150693148374557,0.11150693148374557,1.695460319519043,1.695460319519043,,,,
,,,5159,,0.001,,,,,,,,,
,,,5199,,0.001,,,,,,,,,
1.2774771451950073,77,1.2774771451950073,5199,0.12983371317386627,,0.12983371317386627,,,,,,,,
,77,,5225,,,,0.10436822474002838,0.10436822474002838,1.5575523376464844,1.5575523376464844,,,,
,,,5226,,0.001,,,,,,,,,
,,,5249,,0.001,,,,,,,,,
1.2305529117584229,78,1.2305529117584229,5249,0.21980592608451843,,0.21980592608451843,,,,,,,,
,78,,5292,,,,0.14537732303142548,0.14537732303142548,1.6500910520553589,1.6500910520553589,,,,
,,,5293,,0.001,,,,,,,,,
,,,5299,,0.001,,,,,,,,,
1.1866395473480225,79,1.1866395473480225,5299,0.24243199825286865,,0.24243199825286865,,,,,,,,
,,,5349,,0.001,,,,,,,,,
1.2360155582427979,79,1.2360155582427979,5349,0.20729263126850128,,0.20729263126850128,,,,,,,,
,79,,5359,,,,0.10768406093120575,0.10768406093120575,1.5862711668014526,1.5862711668014526,,,,
,,,5360,,0.001,,,,,,,,,
,,,5399,,0.001,,,,,,,,,
1.2254163026809692,80,1.2254163026809692,5399,0.20658591389656067,,0.20658591389656067,,,,,,,,
,80,,5426,,,,0.11744698882102966,0.11744698882102966,1.6679028272628784,1.6679028272628784,,,,
,,,5427,,0.001,,,,,,,,,
,,,5449,,0.001,,,,,,,,,
1.263800859451294,81,1.263800859451294,5449,0.05706647038459778,,0.05706647038459778,,,,,,,,
,81,,5493,,,,0.1236489787697792,0.1236489787697792,1.6346925497055054,1.6346925497055054,,,,
,,,5494,,0.001,,,,,,,,,
,,,5499,,0.001,,,,,,,,,
1.161247730255127,82,1.161247730255127,5499,0.24746476113796234,,0.24746476113796234,,,,,,,,
,,,5549,,0.001,,,,,,,,,
1.215416431427002,82,1.215416431427002,5549,0.17570511996746063,,0.17570511996746063,,,,,,,,
,82,,5560,,,,0.10284151136875153,0.10284151136875153,1.64942467212677,1.64942467212677,,,,
,,,5561,,0.001,,,,,,,,,
,,,5599,,0.001,,,,,,,,,
1.2978935241699219,83,1.2978935241699219,5599,0.16358961164951324,,0.16358961164951324,,,,,,,,
,83,,5627,,,,0.10282658040523529,0.10282658040523529,1.650187611579895,1.650187611579895,,,,
,,,5628,,0.001,,,,,,,,,
,,,5649,,0.001,,,,,,,,,
1.2888288497924805,84,1.2888288497924805,5649,0.08100540935993195,,0.08100540935993195,,,,,,,,
,84,,5694,,,,0.11810456961393356,0.11810456961393356,1.607006311416626,1.607006311416626,,,,
,,,5695,,0.001,,,,,,,,,
,,,5699,,0.001,,,,,,,,,
1.2302075624465942,85,1.2302075624465942,5699,0.22996965050697327,,0.22996965050697327,,,,,,,,
,,,5749,,0.001,,,,,,,,,
1.221176266670227,85,1.221176266670227,5749,0.22719870507717133,,0.22719870507717133,,,,,,,,
,85,,5761,,,,0.11235978454351425,0.11235978454351425,1.5929347276687622,1.5929347276687622,,,,
,,,5762,,0.001,,,,,,,,,
,,,5799,,0.001,,,,,,,,,
1.238012433052063,86,1.238012433052063,5799,0.23838913440704346,,0.23838913440704346,,,,,,,,
,86,,5828,,,,0.11837486922740936,0.11837486922740936,1.7202091217041016,1.7202091217041016,,,,
,,,5829,,0.001,,,,,,,,,
,,,5849,,0.001,,,,,,,,,
1.200300693511963,87,1.200300693511963,5849,0.12146960198879242,,0.12146960198879242,,,,,,,,
,87,,5895,,,,0.1238391175866127,0.1238391175866127,1.6811158657073975,1.6811158657073975,,,,
,,,5896,,0.001,,,,,,,,,
,,,5899,,0.001,,,,,,,,,
1.3219629526138306,88,1.3219629526138306,5899,0.14444872736930847,,0.14444872736930847,,,,,,,,
,,,5949,,0.001,,,,,,,,,
1.2312555313110352,88,1.2312555313110352,5949,0.14740502834320068,,0.14740502834320068,,,,,,,,
,88,,5962,,,,0.11556468904018402,0.11556468904018402,1.6899386644363403,1.6899386644363403,,,,
,,,5963,,0.001,,,,,,,,,
,,,5999,,0.001,,,,,,,,,
1.2479617595672607,89,1.2479617595672607,5999,0.19943028688430786,,0.19943028688430786,,,,,,,,
,89,,6029,,,,0.1195264458656311,0.1195264458656311,1.6503713130950928,1.6503713130950928,,,,
,,,6030,,0.001,,,,,,,,,
,,,6049,,0.001,,,,,,,,,
1.2934794425964355,90,1.2934794425964355,6049,0.11224617809057236,,0.11224617809057236,,,,,,,,
,90,,6096,,,,0.12363500893115997,0.12363500893115997,1.6884472370147705,1.6884472370147705,,,,
,,,6097,,0.001,,,,,,,,,
,,,6099,,0.001,,,,,,,,,
1.2566190958023071,91,1.2566190958023071,6099,0.18606649339199066,,0.18606649339199066,,,,,,,,
,,,6149,,0.001,,,,,,,,,
1.1933987140655518,91,1.1933987140655518,6149,0.12118563055992126,,0.12118563055992126,,,,,,,,
,91,,6163,,,,0.12469568103551865,0.12469568103551865,1.6861498355865479,1.6861498355865479,,,,
,,,6164,,0.001,,,,,,,,,
,,,6199,,0.001,,,,,,,,,
1.2441949844360352,92,1.2441949844360352,6199,0.21923764050006866,,0.21923764050006866,,,,,,,,
,92,,6230,,,,0.1185249388217926,0.1185249388217926,1.6965405941009521,1.6965405941009521,,,,
,,,6231,,0.001,,,,,,,,,
,,,6249,,0.001,,,,,,,,,
1.211841344833374,93,1.211841344833374,6249,0.18260997533798218,,0.18260997533798218,,,,,,,,
,93,,6297,,,,0.10265462100505829,0.10265462100505829,1.6498627662658691,1.6498627662658691,,,,
,,,6298,,0.001,,,,,,,,,
,,,6299,,0.001,,,,,,,,,
1.239232063293457,94,1.239232063293457,6299,0.12826375663280487,,0.12826375663280487,,,,,,,,
,,,6349,,0.001,,,,,,,,,
1.221330165863037,94,1.221330165863037,6349,0.18513847887516022,,0.18513847887516022,,,,,,,,
,94,,6364,,,,0.11568772047758102,0.11568772047758102,1.6734511852264404,1.6734511852264404,,,,
,,,6365,,0.001,,,,,,,,,
,,,6399,,0.001,,,,,,,,,
1.250325083732605,95,1.250325083732605,6399,0.13606928288936615,,0.13606928288936615,,,,,,,,
,95,,6431,,,,0.10746687650680542,0.10746687650680542,1.6703598499298096,1.6703598499298096,,,,
,,,6432,,0.001,,,,,,,,,
,,,6449,,0.001,,,,,,,,,
1.1753430366516113,96,1.1753430366516113,6449,0.20026323199272156,,0.20026323199272156,,,,,,,,
,96,,6498,,,,0.10267791897058487,0.10267791897058487,1.7050431966781616,1.7050431966781616,,,,
,,,6499,,0.001,,,,,,,,,
,,,6499,,0.001,,,,,,,,,
1.2808122634887695,97,1.2808122634887695,6499,0.18014587461948395,,0.18014587461948395,,,,,,,,
,,,6549,,0.001,,,,,,,,,
1.2279019355773926,97,1.2279019355773926,6549,0.14969271421432495,,0.14969271421432495,,,,,,,,
,97,,6565,,,,0.11106746643781662,0.11106746643781662,1.6674268245697021,1.6674268245697021,,,,
,,,6566,,0.001,,,,,,,,,
,,,6599,,0.001,,,,,,,,,
1.2074898481369019,98,1.2074898481369019,6599,0.10516004264354706,,0.10516004264354706,,,,,,,,
,98,,6632,,,,0.11651305854320526,0.11651305854320526,1.6738176345825195,1.6738176345825195,,,,
,,,6633,,0.001,,,,,,,,,
,,,6649,,0.001,,,,,,,,,
1.2835886478424072,99,1.2835886478424072,6649,0.13107652962207794,,0.13107652962207794,,,,,,,,
,,,6699,,0.001,,,,,,,,,
1.357735276222229,99,1.357735276222229,6699,0.09618542343378067,,0.09618542343378067,,,,,,,,
,99,,6699,,,,0.1360640972852707,0.1360640972852707,1.554869532585144,1.554869532585144,,,,
,,,6700,,0.001,,,,,,,,,
,,,6749,,0.001,,,,,,,,,
1.2677775621414185,100,1.2677775621414185,6749,0.18107973039150238,,0.18107973039150238,,,,,,,,
,100,,6766,,,,0.08260911703109741,0.08260911703109741,1.651861548423767,1.651861548423767,,,,
,,,6767,,0.001,,,,,,,,,
,,,6799,,0.001,,,,,,,,,
1.212744116783142,101,1.212744116783142,6799,0.19332270324230194,,0.19332270324230194,,,,,,,,
,101,,6833,,,,0.11705179512500763,0.11705179512500763,1.6923439502716064,1.6923439502716064,,,,
,,,6834,,0.001,,,,,,,,,
,,,6849,,0.001,,,,,,,,,
1.3167612552642822,102,1.3167612552642822,6849,0.12782850861549377,,0.12782850861549377,,,,,,,,
,,,6899,,0.001,,,,,,,,,
1.2351375818252563,102,1.2351375818252563,6899,0.15141820907592773,,0.15141820907592773,,,,,,,,
,102,,6900,,,,0.11631639301776886,0.11631639301776886,1.6780180931091309,1.6780180931091309,,,,
,,,6901,,0.001,,,,,,,,,
,,,6949,,0.001,,,,,,,,,
1.1997363567352295,103,1.1997363567352295,6949,0.17275604605674744,,0.17275604605674744,,,,,,,,
,103,,6967,,,,0.09710228443145752,0.09710228443145752,1.6574729681015015,1.6574729681015015,,,,
,,,6968,,0.001,,,,,,,,,
,,,6999,,0.001,,,,,,,,,
1.2999051809310913,104,1.2999051809310913,6999,0.2587152123451233,,0.2587152123451233,,,,,,,,
,104,,7034,,,,0.11227401345968246,0.11227401345968246,1.6286031007766724,1.6286031007766724,,,,
,,,7035,,0.001,,,,,,,,,
,,,7049,,0.001,,,,,,,,,
1.1671490669250488,105,1.1671490669250488,7049,0.17564238607883453,,0.17564238607883453,,,,,,,,
,,,7099,,0.001,,,,,,,,,
1.2556390762329102,105,1.2556390762329102,7099,0.148847758769989,,0.148847758769989,,,,,,,,
,105,,7101,,,,0.0967756137251854,0.0967756137251854,1.7032734155654907,1.7032734155654907,,,,
,,,7102,,0.001,,,,,,,,,
,,,7149,,0.001,,,,,,,,,
1.1739461421966553,106,1.1739461421966553,7149,0.18910659849643707,,0.18910659849643707,,,,,,,,
,106,,7168,,,,0.12352126836776733,0.12352126836776733,1.6510578393936157,1.6510578393936157,,,,
,,,7169,,0.001,,,,,,,,,
,,,7199,,0.001,,,,,,,,,
1.2056448459625244,107,1.2056448459625244,7199,0.196499302983284,,0.196499302983284,,,,,,,,
,107,,7235,,,,0.10515210032463074,0.10515210032463074,1.6764551401138306,1.6764551401138306,,,,
,,,7236,,0.001,,,,,,,,,
,,,7249,,0.001,,,,,,,,,
1.1707775592803955,108,1.1707775592803955,7249,0.2475646585226059,,0.2475646585226059,,,,,,,,
,,,7299,,0.001,,,,,,,,,
1.1875752210617065,108,1.1875752210617065,7299,0.2959803342819214,,0.2959803342819214,,,,,,,,
,108,,7302,,,,0.114089235663414,0.114089235663414,1.6314420700073242,1.6314420700073242,,,,
,,,7303,,0.001,,,,,,,,,
,,,7349,,0.001,,,,,,,,,
1.444309115409851,109,1.444309115409851,7349,0.17320261895656586,,0.17320261895656586,,,,,,,,
,109,,7369,,,,0.11840934306383133,0.11840934306383133,1.710976004600525,1.710976004600525,,,,
,,,7370,,0.001,,,,,,,,,
,,,7399,,0.001,,,,,,,,,
1.238550066947937,110,1.238550066947937,7399,0.1452578902244568,,0.1452578902244568,,,,,,,,
,110,,7436,,,,0.09713864326477051,0.09713864326477051,1.6528778076171875,1.6528778076171875,,,,
,,,7437,,0.001,,,,,,,,,
,,,7449,,0.001,,,,,,,,,
1.278810739517212,111,1.278810739517212,7449,0.1339980959892273,,0.1339980959892273,,,,,,,,
,,,7499,,0.001,,,,,,,,,
1.2921735048294067,111,1.2921735048294067,7499,0.14537128806114197,,0.14537128806114197,,,,,,,,
,111,,7503,,,,0.11789719015359879,0.11789719015359879,1.694821834564209,1.694821834564209,,,,
,,,7504,,0.001,,,,,,,,,
,,,7549,,0.001,,,,,,,,,
1.2872174978256226,112,1.2872174978256226,7549,0.12294664978981018,,0.12294664978981018,,,,,,,,
,112,,7570,,,,0.1363605111837387,0.1363605111837387,1.7251020669937134,1.7251020669937134,,,,
,,,7571,,0.001,,,,,,,,,
,,,7599,,0.001,,,,,,,,,
1.2848622798919678,113,1.2848622798919678,7599,0.21155910193920135,,0.21155910193920135,,,,,,,,
,113,,7637,,,,0.10829410701990128,0.10829410701990128,1.631387710571289,1.631387710571289,,,,
,,,7638,,0.001,,,,,,,,,
,,,7649,,0.001,,,,,,,,,
1.2138094902038574,114,1.2138094902038574,7649,0.16022105515003204,,0.16022105515003204,,,,,,,,
,,,7699,,0.001,,,,,,,,,
1.2307615280151367,114,1.2307615280151367,7699,0.15814444422721863,,0.15814444422721863,,,,,,,,
,114,,7704,,,,0.09694384038448334,0.09694384038448334,1.6293838024139404,1.6293838024139404,,,,
,,,7705,,0.001,,,,,,,,,
,,,7749,,0.001,,,,,,,,,
1.197956919670105,115,1.197956919670105,7749,0.23204296827316284,,0.23204296827316284,,,,,,,,
,115,,7771,,,,0.10513252764940262,0.10513252764940262,1.6842190027236938,1.6842190027236938,,,,
,,,7772,,0.001,,,,,,,,,
,,,7799,,0.001,,,,,,,,,
1.2639946937561035,116,1.2639946937561035,7799,0.18100284039974213,,0.18100284039974213,,,,,,,,
,116,,7838,,,,0.10380199551582336,0.10380199551582336,1.672310471534729,1.672310471534729,,,,
,,,7839,,0.001,,,,,,,,,
,,,7849,,0.001,,,,,,,,,
1.3764607906341553,117,1.3764607906341553,7849,0.12146379798650742,,0.12146379798650742,,,,,,,,
,,,7899,,0.001,,,,,,,,,
1.1475844383239746,117,1.1475844383239746,7899,0.2596544623374939,,0.2596544623374939,,,,,,,,
,117,,7905,,,,0.11480271071195602,0.11480271071195602,1.6802040338516235,1.6802040338516235,,,,
,,,7906,,0.001,,,,,,,,,
,,,7949,,0.001,,,,,,,,,
1.2823766469955444,118,1.2823766469955444,7949,0.13123852014541626,,0.13123852014541626,,,,,,,,
,118,,7972,,,,0.11191470175981522,0.11191470175981522,1.7016552686691284,1.7016552686691284,,,,
,,,7973,,0.001,,,,,,,,,
,,,7999,,0.001,,,,,,,,,
1.2436964511871338,119,1.2436964511871338,7999,0.1275768280029297,,0.1275768280029297,,,,,,,,
,119,,8039,,,,0.12159329652786255,0.12159329652786255,1.6168962717056274,1.6168962717056274,,,,
,,,8040,,0.001,,,,,,,,,
,,,8049,,0.001,,,,,,,,,
1.259933352470398,120,1.259933352470398,8049,0.22632402181625366,,0.22632402181625366,,,,,,,,
,,,8099,,0.001,,,,,,,,,
1.390745997428894,120,1.390745997428894,8099,0.10863615572452545,,0.10863615572452545,,,,,,,,
,120,,8106,,,,0.12133558839559555,0.12133558839559555,1.6852209568023682,1.6852209568023682,,,,
,,,8107,,0.001,,,,,,,,,
,,,8149,,0.001,,,,,,,,,
1.2607605457305908,121,1.2607605457305908,8149,0.2163742631673813,,0.2163742631673813,,,,,,,,
,121,,8173,,,,0.09913000464439392,0.09913000464439392,1.6568244695663452,1.6568244695663452,,,,
,,,8174,,0.001,,,,,,,,,
,,,8199,,0.001,,,,,,,,,
1.264154076576233,122,1.264154076576233,8199,0.1180313378572464,,0.1180313378572464,,,,,,,,
,122,,8240,,,,0.10688387602567673,0.10688387602567673,1.7189730405807495,1.7189730405807495,,,,
,,,8241,,0.001,,,,,,,,,
,,,8249,,0.001,,,,,,,,,
1.2328485250473022,123,1.2328485250473022,8249,0.12517042458057404,,0.12517042458057404,,,,,,,,
,,,8299,,0.001,,,,,,,,,
1.3566352128982544,123,1.3566352128982544,8299,0.07246644794940948,,0.07246644794940948,,,,,,,,
,123,,8307,,,,0.1060100644826889,0.1060100644826889,1.6695033311843872,1.6695033311843872,,,,
,,,8308,,0.001,,,,,,,,,
,,,8349,,0.001,,,,,,,,,
1.3253437280654907,124,1.3253437280654907,8349,0.07802997529506683,,0.07802997529506683,,,,,,,,
,124,,8374,,,,0.10610327124595642,0.10610327124595642,1.640960693359375,1.640960693359375,,,,
,,,8375,,0.001,,,,,,,,,
,,,8399,,0.001,,,,,,,,,
1.2664687633514404,125,1.2664687633514404,8399,0.10264842212200165,,0.10264842212200165,,,,,,,,
,125,,8441,,,,0.10502534359693527,0.10502534359693527,1.6539398431777954,1.6539398431777954,,,,
,,,8442,,0.001,,,,,,,,,
,,,8449,,0.001,,,,,,,,,
1.2881178855895996,126,1.2881178855895996,8449,0.11193983256816864,,0.11193983256816864,,,,,,,,
,,,8499,,0.001,,,,,,,,,
1.2608106136322021,126,1.2608106136322021,8499,0.10857339203357697,,0.10857339203357697,,,,,,,,
,126,,8508,,,,0.10556313395500183,0.10556313395500183,1.6504985094070435,1.6504985094070435,,,,
,,,8509,,0.001,,,,,,,,,
,,,8549,,0.001,,,,,,,,,
1.263562798500061,127,1.263562798500061,8549,0.10420258343219757,,0.10420258343219757,,,,,,,,
,127,,8575,,,,0.09958066046237946,0.09958066046237946,1.6173454523086548,1.6173454523086548,,,,
,,,8576,,0.001,,,,,,,,,
,,,8599,,0.001,,,,,,,,,
1.2487798929214478,128,1.2487798929214478,8599,0.10830103605985641,,0.10830103605985641,,,,,,,,
,128,,8642,,,,0.11344051361083984,0.11344051361083984,1.6497150659561157,1.6497150659561157,,,,
,,,8643,,0.001,,,,,,,,,
,,,8649,,0.001,,,,,,,,,
1.262711763381958,129,1.262711763381958,8649,0.12210027873516083,,0.12210027873516083,,,,,,,,
,,,8699,,0.001,,,,,,,,,
1.3096849918365479,129,1.3096849918365479,8699,0.1496380865573883,,0.1496380865573883,,,,,,,,
,129,,8709,,,,0.11110799759626389,0.11110799759626389,1.700085997581482,1.700085997581482,,,,
,,,8710,,0.001,,,,,,,,,
,,,8749,,0.001,,,,,,,,,
1.2290582656860352,130,1.2290582656860352,8749,0.14051927626132965,,0.14051927626132965,,,,,,,,
,130,,8776,,,,0.11157870292663574,0.11157870292663574,1.6786668300628662,1.6786668300628662,,,,
,,,8777,,0.001,,,,,,,,,
,,,8799,,0.001,,,,,,,,,
1.1980116367340088,131,1.1980116367340088,8799,0.19462044537067413,,0.19462044537067413,,,,,,,,
,131,,8843,,,,0.11340693384408951,0.11340693384408951,1.6494475603103638,1.6494475603103638,,,,
,,,8844,,0.001,,,,,,,,,
,,,8849,,0.001,,,,,,,,,
1.2190953493118286,132,1.2190953493118286,8849,0.1613883376121521,,0.1613883376121521,,,,,,,,
,,,8899,,0.001,,,,,,,,,
1.2362964153289795,132,1.2362964153289795,8899,0.10279538482427597,,0.10279538482427597,,,,,,,,
,132,,8910,,,,0.09387874603271484,0.09387874603271484,1.6654337644577026,1.6654337644577026,,,,
,,,8911,,0.001,,,,,,,,,
,,,8949,,0.001,,,,,,,,,
1.1451269388198853,133,1.1451269388198853,8949,0.16207951307296753,,0.16207951307296753,,,,,,,,
,133,,8977,,,,0.11459720879793167,0.11459720879793167,1.6703035831451416,1.6703035831451416,,,,
,,,8978,,0.001,,,,,,,,,
,,,8999,,0.001,,,,,,,,,
1.2658807039260864,134,1.2658807039260864,8999,0.08190303295850754,,0.08190303295850754,,,,,,,,
,134,,9044,,,,0.10512319207191467,0.10512319207191467,1.6122769117355347,1.6122769117355347,,,,
,,,9045,,0.001,,,,,,,,,
,,,9049,,0.001,,,,,,,,,
1.2518689632415771,135,1.2518689632415771,9049,0.15460476279258728,,0.15460476279258728,,,,,,,,
,,,9099,,0.001,,,,,,,,,
1.1930210590362549,135,1.1930210590362549,9099,0.18017491698265076,,0.18017491698265076,,,,,,,,
,135,,9111,,,,0.09704404324293137,0.09704404324293137,1.6962497234344482,1.6962497234344482,,,,
,,,9112,,0.001,,,,,,,,,
,,,9149,,0.001,,,,,,,,,
1.311847448348999,136,1.311847448348999,9149,0.154564768075943,,0.154564768075943,,,,,,,,
,136,,9178,,,,0.11101432889699936,0.11101432889699936,1.6591989994049072,1.6591989994049072,,,,
,,,9179,,0.001,,,,,,,,,
,,,9199,,0.001,,,,,,,,,
1.1920729875564575,137,1.1920729875564575,9199,0.15832246840000153,,0.15832246840000153,,,,,,,,
,137,,9245,,,,0.09476979076862335,0.09476979076862335,1.6697288751602173,1.6697288751602173,,,,
,,,9246,,0.001,,,,,,,,,
,,,9249,,0.001,,,,,,,,,
1.2285664081573486,138,1.2285664081573486,9249,0.15258745849132538,,0.15258745849132538,,,,,,,,
,,,9299,,0.001,,,,,,,,,
1.2266132831573486,138,1.2266132831573486,9299,0.1595420092344284,,0.1595420092344284,,,,,,,,
,138,,9312,,,,0.0929974690079689,0.0929974690079689,1.641410231590271,1.641410231590271,,,,
,,,9313,,0.001,,,,,,,,,
,,,9349,,0.001,,,,,,,,,
1.239261269569397,139,1.239261269569397,9349,0.12403946369886398,,0.12403946369886398,,,,,,,,
,139,,9379,,,,0.08978790789842606,0.08978790789842606,1.6472597122192383,1.6472597122192383,,,,
,,,9380,,0.001,,,,,,,,,
,,,9399,,0.001,,,,,,,,,
1.1816492080688477,140,1.1816492080688477,9399,0.24414150416851044,,0.24414150416851044,,,,,,,,
,140,,9446,,,,0.09437832981348038,0.09437832981348038,1.6573498249053955,1.6573498249053955,,,,
,,,9447,,0.001,,,,,,,,,
,,,9449,,0.001,,,,,,,,,
1.2097960710525513,141,1.2097960710525513,9449,0.11412875354290009,,0.11412875354290009,,,,,,,,
,,,9499,,0.001,,,,,,,,,
1.1981110572814941,141,1.1981110572814941,9499,0.12740667164325714,,0.12740667164325714,,,,,,,,
,141,,9513,,,,0.1255466639995575,0.1255466639995575,1.664984941482544,1.664984941482544,,,,
,,,9514,,0.001,,,,,,,,,
,,,9549,,0.001,,,,,,,,,
1.2407350540161133,142,1.2407350540161133,9549,0.0871676579117775,,0.0871676579117775,,,,,,,,
,142,,9580,,,,0.10001593828201294,0.10001593828201294,1.6758545637130737,1.6758545637130737,,,,
,,,9581,,0.001,,,,,,,,,
,,,9599,,0.001,,,,,,,,,
1.2139735221862793,143,1.2139735221862793,9599,0.11351733654737473,,0.11351733654737473,,,,,,,,
,143,,9647,,,,0.09183751791715622,0.09183751791715622,1.6540662050247192,1.6540662050247192,,,,
,,,9648,,0.001,,,,,,,,,
,,,9649,,0.001,,,,,,,,,
1.2426482439041138,144,1.2426482439041138,9649,0.1158679723739624,,0.1158679723739624,,,,,,,,
,,,9699,,0.001,,,,,,,,,
1.2499626874923706,144,1.2499626874923706,9699,0.14803750813007355,,0.14803750813007355,,,,,,,,
,144,,9714,,,,0.09297510236501694,0.09297510236501694,1.701535701751709,1.701535701751709,,,,
,,,9715,,0.001,,,,,,,,,
,,,9749,,0.001,,,,,,,,,
1.2572438716888428,145,1.2572438716888428,9749,0.08889079838991165,,0.08889079838991165,,,,,,,,
,145,,9781,,,,0.08923611789941788,0.08923611789941788,1.6724247932434082,1.6724247932434082,,,,
,,,9782,,0.001,,,,,,,,,
,,,9799,,0.001,,,,,,,,,
1.256792664527893,146,1.256792664527893,9799,0.14384889602661133,,0.14384889602661133,,,,,,,,
,146,,9848,,,,0.08924917131662369,0.08924917131662369,1.595705270767212,1.595705270767212,,,,
,,,9849,,0.001,,,,,,,,,
,,,9849,,0.001,,,,,,,,,
1.2423757314682007,147,1.2423757314682007,9849,0.1290396898984909,,0.1290396898984909,,,,,,,,
,,,9899,,0.001,,,,,,,,,
1.2379707098007202,147,1.2379707098007202,9899,0.19820080697536469,,0.19820080697536469,,,,,,,,
,147,,9915,,,,0.10462360829114914,0.10462360829114914,1.6685529947280884,1.6685529947280884,,,,
,,,9916,,0.001,,,,,,,,,
,,,9949,,0.001,,,,,,,,,
1.3225433826446533,148,1.3225433826446533,9949,0.0998723953962326,,0.0998723953962326,,,,,,,,
,148,,9982,,,,0.11510004848241806,0.11510004848241806,1.6261324882507324,1.6261324882507324,,,,
,,,9983,,0.001,,,,,,,,,
,,,9999,,0.001,,,,,,,,,
1.2059624195098877,149,1.2059624195098877,9999,0.1670553982257843,,0.1670553982257843,,,,,,,,
,,,10049,,0.001,,,,,,,,,
1.1981830596923828,149,1.1981830596923828,10049,0.17886120080947876,,0.17886120080947876,,,,,,,,
,149,,10049,,,,0.09243031591176987,0.09243031591176987,1.664129376411438,1.664129376411438,,,,
,,,10050,,0.001,,,,,,,,,
,,,10099,,0.001,,,,,,,,,
1.3036274909973145,150,1.3036274909973145,10099,0.1854230910539627,,0.1854230910539627,,,,,,,,
,150,,10116,,,,0.09324727207422256,0.09324727207422256,1.6973047256469727,1.6973047256469727,,,,
,,,10117,,0.001,,,,,,,,,
,,,10149,,0.001,,,,,,,,,
1.2234066724777222,151,1.2234066724777222,10149,0.1733238846063614,,0.1733238846063614,,,,,,,,
,151,,10183,,,,0.09952754527330399,0.09952754527330399,1.6450291872024536,1.6450291872024536,,,,
,,,10184,,0.001,,,,,,,,,
,,,10199,,0.001,,,,,,,,,
1.2437642812728882,152,1.2437642812728882,10199,0.14946652948856354,,0.14946652948856354,,,,,,,,
,,,10249,,0.001,,,,,,,,,
1.242238163948059,152,1.242238163948059,10249,0.16690580546855927,,0.16690580546855927,,,,,,,,
,152,,10250,,,,0.0916706770658493,0.0916706770658493,1.6443365812301636,1.6443365812301636,,,,
,,,10251,,0.001,,,,,,,,,
,,,10299,,0.001,,,,,,,,,
1.2570358514785767,153,1.2570358514785767,10299,0.11717617511749268,,0.11717617511749268,,,,,,,,
,153,,10317,,,,0.07670307159423828,0.07670307159423828,1.6578596830368042,1.6578596830368042,,,,
,,,10318,,0.001,,,,,,,,,
,,,10349,,0.001,,,,,,,,,
1.2242016792297363,154,1.2242016792297363,10349,0.17821834981441498,,0.17821834981441498,,,,,,,,
,154,,10384,,,,0.09380882978439331,0.09380882978439331,1.632226586341858,1.632226586341858,,,,
,,,10385,,0.001,,,,,,,,,
,,,10399,,0.001,,,,,,,,,
1.2250726222991943,155,1.2250726222991943,10399,0.0948559045791626,,0.0948559045791626,,,,,,,,
,,,10449,,0.001,,,,,,,,,
1.2223933935165405,155,1.2223933935165405,10449,0.11476445943117142,,0.11476445943117142,,,,,,,,
,155,,10451,,,,0.09695503860712051,0.09695503860712051,1.7060602903366089,1.7060602903366089,,,,
,,,10452,,0.001,,,,,,,,,
,,,10499,,0.001,,,,,,,,,
1.27669095993042,156,1.27669095993042,10499,0.07717584818601608,,0.07717584818601608,,,,,,,,
,156,,10518,,,,0.1257619708776474,0.1257619708776474,1.6859725713729858,1.6859725713729858,,,,
,,,10519,,0.001,,,,,,,,,
,,,10549,,0.001,,,,,,,,,
1.227765679359436,157,1.227765679359436,10549,0.10478013753890991,,0.10478013753890991,,,,,,,,
,157,,10585,,,,0.09530014544725418,0.09530014544725418,1.6985644102096558,1.6985644102096558,,,,
,,,10586,,0.001,,,,,,,,,
,,,10599,,0.001,,,,,,,,,
1.2066627740859985,158,1.2066627740859985,10599,0.16281872987747192,,0.16281872987747192,,,,,,,,
,,,10649,,0.001,,,,,,,,,
1.2733826637268066,158,1.2733826637268066,10649,0.2131890505552292,,0.2131890505552292,,,,,,,,
,158,,10652,,,,0.10276786983013153,0.10276786983013153,1.6772314310073853,1.6772314310073853,,,,
,,,10653,,0.001,,,,,,,,,
,,,10699,,0.001,,,,,,,,,
1.204193115234375,159,1.204193115234375,10699,0.25170841813087463,,0.25170841813087463,,,,,,,,
,159,,10719,,,,0.1053156703710556,0.1053156703710556,1.657407283782959,1.657407283782959,,,,
,,,10720,,0.001,,,,,,,,,
,,,10749,,0.001,,,,,,,,,
1.2536945343017578,160,1.2536945343017578,10749,0.1673433929681778,,0.1673433929681778,,,,,,,,
,160,,10786,,,,0.1136469617486,0.1136469617486,1.6376316547393799,1.6376316547393799,,,,
,,,10787,,0.001,,,,,,,,,
,,,10799,,0.001,,,,,,,,,
1.2195408344268799,161,1.2195408344268799,10799,0.18443797528743744,,0.18443797528743744,,,,,,,,
,,,10849,,0.001,,,,,,,,,
1.2294243574142456,161,1.2294243574142456,10849,0.1719115674495697,,0.1719115674495697,,,,,,,,
,161,,10853,,,,0.08177351951599121,0.08177351951599121,1.619443416595459,1.619443416595459,,,,
,,,10854,,0.001,,,,,,,,,
,,,10899,,0.001,,,,,,,,,
1.3248693943023682,162,1.3248693943023682,10899,0.1221308633685112,,0.1221308633685112,,,,,,,,
,162,,10920,,,,0.09294714033603668,0.09294714033603668,1.6005250215530396,1.6005250215530396,,,,
,,,10921,,0.001,,,,,,,,,
,,,10949,,0.001,,,,,,,,,
1.2717597484588623,163,1.2717597484588623,10949,0.044460684061050415,,0.044460684061050415,,,,,,,,
,163,,10987,,,,0.10114327818155289,0.10114327818155289,1.6606616973876953,1.6606616973876953,,,,
,,,10988,,0.001,,,,,,,,,
,,,10999,,0.001,,,,,,,,,
1.2280114889144897,164,1.2280114889144897,10999,0.11498825252056122,,0.11498825252056122,,,,,,,,
,,,11049,,0.001,,,,,,,,,
1.326911449432373,164,1.326911449432373,11049,0.06816862523555756,,0.06816862523555756,,,,,,,,
,164,,11054,,,,0.08051290363073349,0.08051290363073349,1.5920965671539307,1.5920965671539307,,,,
,,,11055,,0.001,,,,,,,,,
,,,11099,,0.001,,,,,,,,,
1.1768288612365723,165,1.1768288612365723,11099,0.1839476376771927,,0.1839476376771927,,,,,,,,
,165,,11121,,,,0.08457251638174057,0.08457251638174057,1.6508607864379883,1.6508607864379883,,,,
,,,11122,,0.001,,,,,,,,,
,,,11149,,0.001,,,,,,,,,
1.1836411952972412,166,1.1836411952972412,11149,0.1493811458349228,,0.1493811458349228,,,,,,,,
,166,,11188,,,,0.09463372081518173,0.09463372081518173,1.7094881534576416,1.7094881534576416,,,,
,,,11189,,0.001,,,,,,,,,
,,,11199,,0.001,,,,,,,,,
1.3830041885375977,167,1.3830041885375977,11199,0.06188904866576195,,0.06188904866576195,,,,,,,,
,,,11249,,0.001,,,,,,,,,
1.196915626525879,167,1.196915626525879,11249,0.13715040683746338,,0.13715040683746338,,,,,,,,
,167,,11255,,,,0.09955038130283356,0.09955038130283356,1.7099465131759644,1.7099465131759644,,,,
,,,11256,,0.001,,,,,,,,,
,,,11299,,0.001,,,,,,,,,
1.2747782468795776,168,1.2747782468795776,11299,0.1485675871372223,,0.1485675871372223,,,,,,,,
,168,,11322,,,,0.07969827204942703,0.07969827204942703,1.6336292028427124,1.6336292028427124,,,,
,,,11323,,0.001,,,,,,,,,
,,,11349,,0.001,,,,,,,,,
1.2078379392623901,169,1.2078379392623901,11349,0.2114904522895813,,0.2114904522895813,,,,,,,,
,169,,11389,,,,0.0813000276684761,0.0813000276684761,1.6505377292633057,1.6505377292633057,,,,
,,,11390,,0.001,,,,,,,,,
,,,11399,,0.001,,,,,,,,,
1.248597502708435,170,1.248597502708435,11399,0.0880778431892395,,0.0880778431892395,,,,,,,,
,,,11449,,0.001,,,,,,,,,
1.202014684677124,170,1.202014684677124,11449,0.1154918223619461,,0.1154918223619461,,,,,,,,
,170,,11456,,,,0.08720467239618301,0.08720467239618301,1.656259298324585,1.656259298324585,,,,
,,,11457,,0.001,,,,,,,,,
,,,11499,,0.001,,,,,,,,,
1.231170415878296,171,1.231170415878296,11499,0.1254051923751831,,0.1254051923751831,,,,,,,,
,171,,11523,,,,0.09722767025232315,0.09722767025232315,1.665806770324707,1.665806770324707,,,,
,,,11524,,0.001,,,,,,,,,
,,,11549,,0.001,,,,,,,,,
1.251140832901001,172,1.251140832901001,11549,0.16916890442371368,,0.16916890442371368,,,,,,,,
,172,,11590,,,,0.08296889066696167,0.08296889066696167,1.646216869354248,1.646216869354248,,,,
,,,11591,,0.001,,,,,,,,,
,,,11599,,0.001,,,,,,,,,
1.169554352760315,173,1.169554352760315,11599,0.12194326519966125,,0.12194326519966125,,,,,,,,
,,,11649,,0.001,,,,,,,,,
1.2265883684158325,173,1.2265883684158325,11649,0.14806732535362244,,0.14806732535362244,,,,,,,,
,173,,11657,,,,0.08519747108221054,0.08519747108221054,1.687577724456787,1.687577724456787,,,,
,,,11658,,0.001,,,,,,,,,
,,,11699,,0.001,,,,,,,,,
1.2513678073883057,174,1.2513678073883057,11699,0.0876995399594307,,0.0876995399594307,,,,,,,,
,174,,11724,,,,0.09539568424224854,0.09539568424224854,1.6749961376190186,1.6749961376190186,,,,
,,,11725,,0.001,,,,,,,,,
,,,11749,,0.001,,,,,,,,,
1.321603775024414,175,1.321603775024414,11749,0.07760217785835266,,0.07760217785835266,,,,,,,,
,175,,11791,,,,0.08613186329603195,0.08613186329603195,1.6463650465011597,1.6463650465011597,,,,
,,,11792,,0.001,,,,,,,,,
,,,11799,,0.001,,,,,,,,,
1.1958823204040527,176,1.1958823204040527,11799,0.1406339704990387,,0.1406339704990387,,,,,,,,
,,,11849,,0.001,,,,,,,,,
1.253318428993225,176,1.253318428993225,11849,0.1436878889799118,,0.1436878889799118,,,,,,,,
,176,,11858,,,,0.08707698434591293,0.08707698434591293,1.6515476703643799,1.6515476703643799,,,,
,,,11859,,0.001,,,,,,,,,
,,,11899,,0.001,,,,,,,,,
1.2981326580047607,177,1.2981326580047607,11899,0.09471534192562103,,0.09471534192562103,,,,,,,,
,177,,11925,,,,0.07946152240037918,0.07946152240037918,1.641264796257019,1.641264796257019,,,,
,,,11926,,0.001,,,,,,,,,
,,,11949,,0.001,,,,,,,,,
1.2602205276489258,178,1.2602205276489258,11949,0.05930665507912636,,0.05930665507912636,,,,,,,,
,178,,11992,,,,0.09153319895267487,0.09153319895267487,1.6754703521728516,1.6754703521728516,,,,
,,,11993,,0.001,,,,,,,,,
,,,11999,,0.001,,,,,,,,,
1.2457987070083618,179,1.2457987070083618,11999,0.14681696891784668,,0.14681696891784668,,,,,,,,
,,,12049,,0.001,,,,,,,,,
1.1804921627044678,179,1.1804921627044678,12049,0.16608861088752747,,0.16608861088752747,,,,,,,,
,179,,12059,,,,0.07592153549194336,0.07592153549194336,1.673477053642273,1.673477053642273,,,,
,,,12060,,0.001,,,,,,,,,
,,,12099,,0.001,,,,,,,,,
1.2469861507415771,180,1.2469861507415771,12099,0.11705577373504639,,0.11705577373504639,,,,,,,,
,180,,12126,,,,0.07555010169744492,0.07555010169744492,1.6331437826156616,1.6331437826156616,,,,
,,,12127,,0.001,,,,,,,,,
,,,12149,,0.001,,,,,,,,,
1.230017900466919,181,1.230017900466919,12149,0.11315767467021942,,0.11315767467021942,,,,,,,,
,181,,12193,,,,0.06828231364488602,0.06828231364488602,1.682834506034851,1.682834506034851,,,,
,,,12194,,0.001,,,,,,,,,
,,,12199,,0.001,,,,,,,,,
1.2066717147827148,182,1.2066717147827148,12199,0.16618695855140686,,0.16618695855140686,,,,,,,,
,,,12249,,0.001,,,,,,,,,
1.1954206228256226,182,1.1954206228256226,12249,0.17570056021213531,,0.17570056021213531,,,,,,,,
,182,,12260,,,,0.09081783145666122,0.09081783145666122,1.6729910373687744,1.6729910373687744,,,,
,,,12261,,0.001,,,,,,,,,
,,,12299,,0.001,,,,,,,,,
1.2089155912399292,183,1.2089155912399292,12299,0.12032534927129745,,0.12032534927129745,,,,,,,,
,183,,12327,,,,0.08786411583423615,0.08786411583423615,1.5967005491256714,1.5967005491256714,,,,
,,,12328,,0.001,,,,,,,,,
,,,12349,,0.001,,,,,,,,,
1.2729843854904175,184,1.2729843854904175,12349,0.1087445393204689,,0.1087445393204689,,,,,,,,
,184,,12394,,,,0.09376130253076553,0.09376130253076553,1.6440991163253784,1.6440991163253784,,,,
,,,12395,,0.001,,,,,,,,,
,,,12399,,0.001,,,,,,,,,
1.2794365882873535,185,1.2794365882873535,12399,0.1470058262348175,,0.1470058262348175,,,,,,,,
,,,12449,,0.001,,,,,,,,,
1.2029616832733154,185,1.2029616832733154,12449,0.15605615079402924,,0.15605615079402924,,,,,,,,
,185,,12461,,,,0.0933963879942894,0.0933963879942894,1.6598445177078247,1.6598445177078247,,,,
,,,12462,,0.001,,,,,,,,,
,,,12499,,0.001,,,,,,,,,
1.2409515380859375,186,1.2409515380859375,12499,0.15651285648345947,,0.15651285648345947,,,,,,,,
,186,,12528,,,,0.08765112608671188,0.08765112608671188,1.6835054159164429,1.6835054159164429,,,,
,,,12529,,0.001,,,,,,,,,
,,,12549,,0.001,,,,,,,,,
1.1815329790115356,187,1.1815329790115356,12549,0.19800543785095215,,0.19800543785095215,,,,,,,,
,187,,12595,,,,0.07712484151124954,0.07712484151124954,1.6693321466445923,1.6693321466445923,,,,
,,,12596,,0.001,,,,,,,,,
,,,12599,,0.001,,,,,,,,,
1.2628791332244873,188,1.2628791332244873,12599,0.12745632231235504,,0.12745632231235504,,,,,,,,
,,,12649,,0.001,,,,,,,,,
1.2710086107254028,188,1.2710086107254028,12649,0.07439575344324112,,0.07439575344324112,,,,,,,,
,188,,12662,,,,0.07070522010326385,0.07070522010326385,1.6359436511993408,1.6359436511993408,,,,
,,,12663,,0.001,,,,,,,,,
,,,12699,,0.001,,,,,,,,,
1.330923080444336,189,1.330923080444336,12699,0.08365772664546967,,0.08365772664546967,,,,,,,,
,189,,12729,,,,0.09433545172214508,0.09433545172214508,1.7211965322494507,1.7211965322494507,,,,
,,,12730,,0.001,,,,,,,,,
,,,12749,,0.001,,,,,,,,,
1.2897520065307617,190,1.2897520065307617,12749,0.16826948523521423,,0.16826948523521423,,,,,,,,
,190,,12796,,,,0.09393607079982758,0.09393607079982758,1.6787300109863281,1.6787300109863281,,,,
,,,12797,,0.001,,,,,,,,,
,,,12799,,0.001,,,,,,,,,
1.2869937419891357,191,1.2869937419891357,12799,0.12525826692581177,,0.12525826692581177,,,,,,,,
,,,12849,,0.001,,,,,,,,,
1.2271709442138672,191,1.2271709442138672,12849,0.12765657901763916,,0.12765657901763916,,,,,,,,
,191,,12863,,,,0.09191486984491348,0.09191486984491348,1.6576296091079712,1.6576296091079712,,,,
,,,12864,,0.001,,,,,,,,,
,,,12899,,0.001,,,,,,,,,
1.313327431678772,192,1.313327431678772,12899,0.13379134237766266,,0.13379134237766266,,,,,,,,
,192,,12930,,,,0.09391230344772339,0.09391230344772339,1.6718692779541016,1.6718692779541016,,,,
,193,,12931,,,,,,,,1.869259238243103,1.869259238243103,0.07887567579746246,0.07887567579746246
